order,note
29,shard row was malformed; before the 2026-08-24 fix the page showed the screener's reason string instead of the title — score with/without
39,shard row was malformed; before the 2026-08-24 fix the page showed the screener's reason string instead of the title — score with/without
47,shard row was malformed; before the 2026-08-24 fix the page showed the screener's reason string instead of the title — score with/without
59,shard row was malformed; before the 2026-08-24 fix the page showed the screener's reason string instead of the title — score with/without
63,shard row was malformed; before the 2026-08-24 fix the page showed the screener's reason string instead of the title — score with/without
72,shard row was malformed; before the 2026-08-24 fix the page showed the screener's reason string instead of the title — score with/without
86,shard row was malformed; before the 2026-08-24 fix the page showed the screener's reason string instead of the title — score with/without
92,shard row was malformed; before the 2026-08-24 fix the page showed the screener's reason string instead of the title — score with/without
97,shard row was malformed; before the 2026-08-24 fix the page showed the screener's reason string instead of the title — score with/without
123,shard row was malformed; before the 2026-08-24 fix the page showed the screener's reason string instead of the title — score with/without
141,shard row was malformed; before the 2026-08-24 fix the page showed the screener's reason string instead of the title — score with/without
151,shard row was malformed; before the 2026-08-24 fix the page showed the screener's reason string instead of the title — score with/without
168,shard row was malformed; before the 2026-08-24 fix the page showed the screener's reason string instead of the title — score with/without
180,shard row was malformed; before the 2026-08-24 fix the page showed the screener's reason string instead of the title — score with/without
