dimension,item_id,study_id,coder,coder_code,dataset_code,confidence,notes,quote
construct(part1),C01,2-s2.0-85192567032,sacha,CONTENT,QUALITY,5,,The quality of the information was classified as very poor in 68.8% of the publications
construct(part1),C03,2-s2.0-105040026420,sacha,CONTENT,QUALITY,5,,"Among the 61 videos, 47.5% were of low quality, 24.6% were moderate quality, and 27.9% were of high quality."
construct(part1),C07,2-s2.0-85188806397,sacha,OTHER,SHARING,5,"will be tricky for Laura, 'concentration' is tempting","When looking at links pointing to untrustworthy news sites (N), the concentration for swing states - 26.06%. - is higher than for safe states - 22.25%"
construct(part1),C10,2-s2.0-105030082417,sacha,OTHER,QUALITY,3,"it's not CONTENT because it's claims within videos, it's a bit weird; or it's content within content I guess, i'm not sure","Of the 85 recommendations provided in the videos, only eight (9.4 %) were confirmed to be effective based on available evidence"
construct(part1),C15,W4306964957,sacha,CONTENT,SHARING,2,A bit confusing to write ' domain approach = links to fact-check-flagged low-quality' given that here they seem to report the text-based approach,"Using our text-based approach, about 0.01% (421) of politicians' posts contain false stories ... [Table 2] Text 0.0104"
construct(part1),C19,2-s2.0-85169326292,sacha,OTHER,RECALL,2,"this should be excluded no? We don't do self-reported sharing; we do RECALL, which is self-reported exposure, but by my understanding we don't do self-reported sharing, or we just code as other? I don't find it very interesting, we can discuss it later ",we found that 14 percent of respondents reported knowingly sharing misinformation
construct(part1),C20,2-s2.0-105019603181,sacha,EXPOSURE,REACH,5,,"the most consumed type of misinformation articles was about U.S. Electoral Politics, with 12.7% (95% CI [10.9, 14.7]) of participants being exposed to at least one such article."
construct(part1),C07,2-s2.0-85188806397,laura,OTHER,SHARING,3,"Is a CONCENTRATION measurement, but not from the top users. So again, I see it more as a description of the type of people (descriptive) -> so OTHER. ","When looking at links pointing to untrustworthy news sites (N), the concentration for swing states - 26.06%. - is higher than for safe states - 22.25%"
construct(part1),C10,2-s2.0-105030082417,laura,CONTENT,QUALITY,5,,"Of the 85 recommendations provided in the videos, only eight (9.4 %) were confirmed to be effective based on available evidence"
construct(part1),C14,2-s2.0-105008525623,laura,REACH,RECALL,3,"Again, could be REACH or RECALL, it depends on how the data was collected. Since no survey is mentioned, I opted for REACH. ","la mayor parte de narrativas presenta porcentajes de exposicion de mas del 60% de los encuestados, con la unica excepcion de la N1 que llega solo al 29%"
construct(part1),C15,W4306964957,laura,CONTENT,SHARING,5,corpus = politicians posts,"Using our text-based approach, about 0.01% (421) of politicians' posts contain false stories ... [Table 2] Text 0.0104"
construct(part1),C17,2-s2.0-105002155467,laura,EXPOSURE,REACH,5,,"the vast majority, that is ~79%, do not visit any page classified as unreliable"
construct(part1),C21,OA-W3113799821,laura,EXPOSURE,OTHER,4,If visits equals what people search for,we use search log analysis to investigate the extent ... we find that only around 1% of queries [are misinformation]
construct(part1),C23,2-s2.0-105009372730,laura,OTHER,CONTENT,2,"purely source-based. I would need more information to infer whether a specific corpus was analyzed that comes from different sources -> then I would code it as CONTENT. Same goes forr breadth: is the focus on the content, then I would concentrat on the misinformation aspect, or is the focus social media versus traditional news, then I would focus on unrealiable_source.","social media also exhibited the highest misinformation prevalence (38%), whereas official sources maintained near-perfect accuracy (98% compliance with scientific evidence)"
construct(part1),C24,2-s2.0-85195353413,laura,SHARING,CONCENTRATION,4,,These deplatformed users accounted for 4.35% of all URL sharing and 24.13% of all misinformation URLs shared among our sample during December 2020
breadth,C05,2-s2.0-85165815218,sacha,UNRELIABLE_SOURCE,FALSE,4,"construct is tricky, it could be concentration but it's not ","For potential, exposed, and engaged audiences, 97% of false URLs in each case have audiences that are conservative on average."
breadth,C09,2-s2.0-85089622030,sacha,MISLEADING,FALSE,5,,"Links that contained fake news were shared 2,352,585 times, accounting for about 23.1% of the total shares of all the articles reviewed."
breadth,C12,2-s2.0-85127622287,sacha,UNRELIABLE_SOURCE,FALSE,4,,"we were able to catalog data for 1672 web pages about vaccination in the U.S. ... Of these, 56 were confirmed as presenting medical misinformation"
breadth,C18,2-s2.0-85186874194,sacha,MISLEADING,FALSE,3,,"More than half of all videos were categorized as factual (55.5%, n=122) ... Factual No 98 (44.5%)"
breadth,C20,2-s2.0-105019603181,sacha,MISLEADING,UNRELIABLE_SOURCE,5,,"the most consumed type of misinformation articles was about U.S. Electoral Politics, with 12.7% (95% CI [10.9, 14.7]) of participants being exposed to at least one such article."
breadth,C21,OA-W3113799821,sacha,MISLEADING,FALSE,2,,we use search log analysis to investigate the extent ... we find that only around 1% of queries [are misinformation]
breadth,C22,2-s2.0-85191807094,sacha,MISLEADING,FALSE,3,,61% of videos contained little to no misinformation
breadth,C23,2-s2.0-105009372730,sacha,MISLEADING,FALSE,2,,"social media also exhibited the highest misinformation prevalence (38%), whereas official sources maintained near-perfect accuracy (98% compliance with scientific evidence)"
breadth,C05,2-s2.0-85165815218,laura,UNRELIABLE_SOURCE,FALSE,5,Type of people that consume false media (descriptive).,"For potential, exposed, and engaged audiences, 97% of false URLs in each case have audiences that are conservative on average."
breadth,C12,2-s2.0-85127622287,laura,FABRICATED,FALSE,4,"Since web-pages were analyzed could it also be seen as unreliable_source. But juding by the examples given, I feel the focus is more on the content and not source. And the examples given seem more within the fabricated/myth category. ","we were able to catalog data for 1672 web pages about vaccination in the U.S. ... Of these, 56 were confirmed as presenting medical misinformation"
breadth,C16,2-s2.0-85121971415,laura,FABRICATED,FALSE,4,"myth = invented -> why I opted for fabricated, but also couldd be ""false"". ",the prevalence of the stated MOUD myth ranged from 0.4% on web-based health communities to 0.9% on Twitter
breadth,C18,2-s2.0-85186874194,laura,LOW_QUALITY,FALSE,2,"factual versus non-factual information, does not really suit any category: opted for low_quality since it is the widest available.  ","More than half of all videos were categorized as factual (55.5%, n=122) ... Factual No 98 (44.5%)"
breadth,C23,2-s2.0-105009372730,laura,UNRELIABLE_SOURCE,FALSE,2,"purely source-based. I would need more information to infer whether a specific corpus was analyzed that comes from different sources -> then I would code it as CONTENT. Same goes forr breadth: is the focus on the content, then I would concentrat on the misinformation aspect, or is the focus social media versus traditional news, then I would focus on unrealiable_source.","social media also exhibited the highest misinformation prevalence (38%), whereas official sources maintained near-perfect accuracy (98% compliance with scientific evidence)"
denom_class,E02,W4414446446,sacha,CURATED_SAMPLE,POPULATION,2,quite unclear what they measure; i guess this is quite clear and could be used: The rate is higher for talk shows (11.62%) than for news shows (2.28%),"It finds 77 matches in 67 episodes, amounting to 4.85% of the 1382 episodes during the sampling period between June 2023 and June 2024."
denom_class,E03,2-s2.0-85159486270,sacha,TOPICAL,CURATED_SAMPLE,5,I picked topical because they did a keyword search; but it's also a cureated sample i guess,"Of the 100 videos, 70 contained nonfactual information regarding food safety techniques for washing fruits and vegetables or storing produce at room temperature."
denom_class,E04,2-s2.0-85159598935,sacha,ALL_MEDIA,TOPICAL,3,"key is here:  Considering links pointing to non-trustworthy news sites (N), the
concentration for swing states - 23.47% - is higher than that for safe
ones - 18.33%;; 18.33% would have also worked. we should report/use both. ","Considering links pointing to non-trustworthy news sites (N), the concentration for swing states - 23.47% - is higher than that for safe ones - 18.33%."
denom_class,D11,2-s2.0-85114317455,laura,NEWS_DIET,ALL_MEDIA,3,Exposure was mimicked through bots so not actual people ,"Junk news saw an increased share of external links, from 6.9% in chronological timelines to 9.9% in algorithmic timelines"
denom_class,E01,2-s2.0-105030827603,laura,TOPICAL,CURATED_SAMPLE,5,,71.4% of videos demonstrated low reliability (scores ≤ 2/5)
denom_class,E02,W4414446446,laura,CURATED_SAMPLE,POPULATION,3,"denominator class is difficult to decide: Talk shows is not news_diet, but it also does not include the whole media diet (no social media). Also not from consumer view, but source view: Why I picked curated_sample in the end. ","It finds 77 matches in 67 episodes, amounting to 4.85% of the 1382 episodes during the sampling period between June 2023 and June 2024."
denom_class,E03,2-s2.0-85159486270,laura,TOPICAL,CURATED_SAMPLE,4,presuming that nonfactual = false information in this context (the paper only talks about nonfactual),"Of the 100 videos, 70 contained nonfactual information regarding food safety techniques for washing fruits and vegetables or storing produce at room temperature."
denom_class,E04,2-s2.0-85159598935,laura,POLITICAL_NEWS,TOPICAL,2,"It is a concentration measurement, but not from the top slice of users but from swing versus non-swing states. Not sure if there may be a more overall measurement (not just swing versus non-swing states).","Considering links pointing to non-trustworthy news sites (N), the concentration for swing states - 23.47% - is higher than that for safe ones - 18.33%."
construct(part2),D07,OA-W7161796591,sacha,CONTENT,QUALITY,4,"it's not quality, it's content. videos not aligned with health guidelines is misinformation, they define it as such ","Overall, 26.19% aligned with at least one protocol, while 73.81% contained unsupported or non-aligned information"
construct(part2),D09,2-s2.0-85207525286,sacha,CONTENT,QUALITY,4,"(not sure what curated sample means, e.g., all the topical sample are curated, and many are top-N, but still what matters is that they are topical estimates no?)","Out of the 50 included #adhdtest videos, 92% (n = 46) were misleading. ... Out of the 50 selected videos, useful videos amounted to 8% (n = 4), while 92% (n = 46) were misleading videos."
construct(part2),E05,W7165134935,sacha,QUALITY,CONTENT,4,,"In total, (n = 58, 6.0%) TikToks included either broad or specific concerns around sunscreen health risks."
construct(part2),D06,2-s2.0-85164694763,laura,OTHER,SHARING,1,This study looks at too many things simoltaneously. It is very hard to infer what the actual key research is: construct would be most likely the relative velocity of anti-vax communities across boarders. ,26% of the domains shared by no-vax communities came from lists of known low-credibility domains versus only 2.4% of those cited by the other users (P<.001)
construct(part2),D09,2-s2.0-85207525286,laura,CONTENT,QUALITY,5,,"Out of the 50 included #adhdtest videos, 92% (n = 46) were misleading. ... Out of the 50 selected videos, useful videos amounted to 8% (n = 4), while 92% (n = 46) were misleading videos."
construct(part2),E04,2-s2.0-85159598935,laura,OTHER,CONTENT,2,"It is a concentration measurement, but not from the top slice of users but from swing versus non-swing states. Not sure if there may be a more overall measurement (not just swing versus non-swing states).","Considering links pointing to non-trustworthy news sites (N), the concentration for swing states - 23.47% - is higher than that for safe ones - 18.33%."
construct(part2),E11,2-s2.0-85187117251,laura,OTHER,CONTENT,3,construct: engagement of high versus low credibility tweets on covid-19 and cliamte change. How low credibility versus high crredibility tweets perform engagement-wise,low-credibility domains present in 3.77% of tweets on COVID-19 and 1.69% of tweets on climate change
construct(part2),E12,OA-W7125772788,laura,REACH,RECALL,1,"Honestly, still quite unsurree what they did in this study and what the actual unit of analysis was. I do not understand how the 282 respondents and the 7234 data points connect. ","In the case of HIV, 54% of respondents suspected misinformation in their digital feeds, often related to 'permanent cure' narratives"
value_pct,D12,PMID-42295743,sacha,18.1,31.7,5,share of videos on epilepsy that contain misinfo ,"TikTok 31.7% [24.7-38.8], Instagram Reels 16.8% [11.6-22.1], YouTube Shorts 8% [4.2-11.8] (Results 3.3)"
value_pct,E12,OA-W7125772788,sacha,NOT FOUND,54,5,,"In the case of HIV, 54% of respondents suspected misinformation in their digital feeds, often related to 'permanent cure' narratives"
value_pct,D06,2-s2.0-85164694763,laura,NOT FOUND,26,1,vaccine related twitter messages / users / communities ,26% of the domains shared by no-vax communities came from lists of known low-credibility domains versus only 2.4% of those cited by the other users (P<.001)
value_pct,D12,PMID-42295743,laura,18.1,31.7,5,"563 short form videos aboout epilepsy on Youtube, Tiktok and Instagram ","TikTok 31.7% [24.7-38.8], Instagram Reels 16.8% [11.6-22.1], YouTube Shorts 8% [4.2-11.8] (Results 3.3)"
value_pct,E03,2-s2.0-85159486270,laura,56,70,4,share of videos containing nonfactual information from the 66 youtube videos about produce washing during the pandemic,"Of the 100 videos, 70 contained nonfactual information regarding food safety techniques for washing fruits and vegetables or storing produce at room temperature."
value_pct,E06,2-s2.0-85168270535,laura,8.3,19.5,2,share of tweets containing earthquake misinformation from the 81862 tweets found via key words ,"Misinformation 698 19.5 [% Tweets] ... Not-misinformation 1328 37.1 ... Irrelevant 1558 43.4 [Table 1, manually labeled subset]"
value_pct,E07,2-s2.0-85181200454,laura,NOT FOUND,53.9,1,cannot answer this,Affirmative answers were summed to create binary measures that measured PME to information related to the COVID (Yes = 53.9%; Norway = 29.8% to Columbia = 72.3%)
value_pct,E09,2-s2.0-85184824168,laura,37.2,36.1,3,"share of tweets containing misinformation from a subsample of 3011 tweets from Nigera, Indonesia and Brazil that mention specific non-covid vaccines. ","Brazil ... # of Tweets Relevant to COVID-19 Vaccine Misinformation 1,304,827 ... (36.1)"
value_pct,E11,2-s2.0-85187117251,laura,NOT FOUND,3.77,3,no share mentioned,low-credibility domains present in 3.77% of tweets on COVID-19 and 1.69% of tweets on climate change
value_pct,E12,OA-W7125772788,laura,40.0,54,1,share of the 282 respondents that got unverified cures for HIV ,"In the case of HIV, 54% of respondents suspected misinformation in their digital feeds, often related to 'permanent cure' narratives"
