eid,label
2-s2.0-105015880307,MAYBE
2-s2.0-85131720926,EXCLUDE
2-s2.0-105033356532,MAYBE
2-s2.0-105009218353,MAYBE
2-s2.0-85179339055,EXCLUDE
2-s2.0-85059237193,EXCLUDE
2-s2.0-85216901792,EXCLUDE
2-s2.0-85141218889,EXCLUDE
2-s2.0-85118885486,EXCLUDE
2-s2.0-105012001498,EXCLUDE
2-s2.0-85192788469,EXCLUDE
2-s2.0-85134310779,EXCLUDE
2-s2.0-85200108303,MAYBE
2-s2.0-105018681835,EXCLUDE
2-s2.0-105025450014,EXCLUDE
2-s2.0-85146226115,EXCLUDE
2-s2.0-85134202905,EXCLUDE
2-s2.0-105009313885,EXCLUDE
2-s2.0-85115079594,EXCLUDE
2-s2.0-85187694274,EXCLUDE
2-s2.0-84883433473,EXCLUDE
2-s2.0-85105453320,MAYBE
2-s2.0-85144592976,EXCLUDE
2-s2.0-105016696231,MAYBE
2-s2.0-84970127047,EXCLUDE
2-s2.0-105021822969,EXCLUDE
2-s2.0-85219115825,EXCLUDE
2-s2.0-105023744993,EXCLUDE
2-s2.0-85217785835,EXCLUDE
2-s2.0-85087941405,EXCLUDE
2-s2.0-85197981916,EXCLUDE
2-s2.0-105036542035,MAYBE
2-s2.0-85115366941,EXCLUDE
2-s2.0-85201547435,EXCLUDE
2-s2.0-85104373138,EXCLUDE
2-s2.0-105026283152,EXCLUDE
2-s2.0-85213167999,MAYBE
2-s2.0-105008232698,EXCLUDE
2-s2.0-85124345206,EXCLUDE
2-s2.0-85194499469,EXCLUDE
2-s2.0-81855186960,EXCLUDE
2-s2.0-86000192831,EXCLUDE
2-s2.0-85142148293,EXCLUDE
2-s2.0-85119445017,EXCLUDE
2-s2.0-105035381915,EXCLUDE
2-s2.0-105039726598,EXCLUDE
2-s2.0-85132322422,EXCLUDE
2-s2.0-105021302993,EXCLUDE
2-s2.0-85208032935,EXCLUDE
2-s2.0-85094219480,EXCLUDE
2-s2.0-85011299402,EXCLUDE
2-s2.0-85200238125,EXCLUDE
2-s2.0-85219702673,MAYBE
2-s2.0-85078192829,EXCLUDE
2-s2.0-85091077422,EXCLUDE
2-s2.0-85205157103,EXCLUDE
2-s2.0-85122452444,EXCLUDE
2-s2.0-85200328809,EXCLUDE
2-s2.0-85132990285,EXCLUDE
2-s2.0-105028467084,EXCLUDE
2-s2.0-85215429597,EXCLUDE
2-s2.0-85084467973,EXCLUDE
2-s2.0-85115938523,EXCLUDE
2-s2.0-0033367556,EXCLUDE
2-s2.0-85209546536,EXCLUDE
2-s2.0-0019270564,EXCLUDE
2-s2.0-85196971477,MAYBE
2-s2.0-85130798315,EXCLUDE
2-s2.0-85142511132,EXCLUDE
2-s2.0-85151228545,EXCLUDE
2-s2.0-0031533459,EXCLUDE
2-s2.0-85090864646,EXCLUDE
2-s2.0-85178556693,MAYBE
2-s2.0-105029904819,MAYBE
2-s2.0-85111068501,EXCLUDE
2-s2.0-85104272113,EXCLUDE
2-s2.0-85151511070,EXCLUDE
2-s2.0-85181252098,EXCLUDE
2-s2.0-85105406793,EXCLUDE
2-s2.0-105021072809,EXCLUDE
2-s2.0-85119108911,EXCLUDE
2-s2.0-0027233407,EXCLUDE
2-s2.0-85128446401,EXCLUDE
2-s2.0-85161986930,EXCLUDE
2-s2.0-85091434871,EXCLUDE
2-s2.0-85186326563,MAYBE
2-s2.0-85126529913,EXCLUDE
2-s2.0-85030464550,EXCLUDE
2-s2.0-105031391351,EXCLUDE
2-s2.0-105030669023,EXCLUDE
2-s2.0-85206280484,EXCLUDE
2-s2.0-22444453586,EXCLUDE
2-s2.0-105014078716,EXCLUDE
2-s2.0-85171441295,EXCLUDE
2-s2.0-85212421930,EXCLUDE
2-s2.0-85210180121,EXCLUDE
2-s2.0-85109609739,MAYBE
2-s2.0-85127246473,EXCLUDE
2-s2.0-85067209802,EXCLUDE
2-s2.0-85216642852,EXCLUDE
