id,construct,value_pct,measure_type,denominator,source_quote,n_frozen_rows,definition_variant,borderline,confidence,text_status
2-s2.0-105002155467,REACH,1,"% of panelists who visited at least 100 unreliable news pages during the 12-month window (heavy-exposure threshold, NOT at-least-once reach)","~140,000 US panelists tracked in the Nielsen desktop web panel, January-December 2018","Still, N ~ 1400 panelists (about 1%) visit at least 100 unreliable news pages during our observation period.",2,True,True,high,ok
2-s2.0-105002620495,CONTENT,29.6,% of evaluated COVID-19 information items that deviated from scientific consensus (incorrect OR only partially correct) - broader definition of the same corpus,"108 assessment items and sub-items derived from the 136 posts and 2,156 comments published in the Facebook group between November 2021 and January 2022","In our study, 29.6% of the OHC's content (11.1% incorrect + 18.5% partially correct) deviated from scientific consensus, exposing participants to health risks.",4,True,True,medium,ok
2-s2.0-105004460836,CONTENT,16.1,% of eligible English-term ('urticaria') Google Images results that showed neither urticaria nor angioedema,87 eligible photographs from the first 100 Google Images results for the English term 'urticaria',"                                                                         n:14 not showing                n:33 not showing
Materials and Methods                                                                                  urticaria/angioedema
                                                      ",1,False,False,medium,ok
2-s2.0-105004460836,CONTENT,36.3,% of eligible Turkish-term ('urtiker') Google Images results that showed neither urticaria nor angioedema,91 eligible photographs from the first 100 Google Images results for the Turkish term 'urtiker',"                                                                         n:14 not showing                n:33 not showing
Materials and Methods                                                                                  urticaria/angioedema
                                                      ",1,False,False,medium,ok
2-s2.0-105009619554,CONTENT,55,% of characteristics attributed to ADHD in popular TikTok videos that did not align with the DSM-5-TR criteria for ADHD,411 distinct characteristics that video creators attributed to ADHD across the 100 included TikTok videos,"Video creators attributed a total of 411 distinct characteristics to ADHD in their videos. Of these, 186 (45 %) corresponded with the DSM- 5-TR criteria of ADHD, while 225 (55 %) did not.",2,False,True,high,ok
2-s2.0-105009619554,CONTENT,40,% of behaviours that top-commenters attributed to ADHD that did not match the DSM-5-TR criteria,"40 behaviours attributed to ADHD by commenters, within the 297 top comments (top three comments of each of the 100 videos, one video had comments disabled)","Of the 40 behaviors that com - menters attributed to ADHD, in total 24 (60 %) corresponded with the DSM-5-TR criteria, of which 13 corresponded with the criteria of inat - tention and the other 11 with those of impulsivity-hyperactivity. Youth most frequently mentioned behavior that corresponded wit",2,False,True,medium,ok
2-s2.0-105012522879,RECALL,60,% of respondents who think conventional mass media generate a lot or quite a lot of disinformation,"1,550 Andalusian residents aged 15 and over",traditional media are also seen as bearing responsibility (60%).,2,False,True,medium,ok
2-s2.0-105016716843,CONTENT,22,"% of Trump campaign TikTok videos coded as using joke, satire or parody (a disinformation strategy)","100 TikTok videos in which Donald Trump is the protagonist, published in the six months before the 5 November 2024 election, retrieved purposively via #trump2024, #donaldtrump, #trumpsupport",Trump (22 %) como en el de Milei (17 %). Esta estra-,6,True,True,medium,ok
2-s2.0-105016716843,CONTENT,17,"% of Milei campaign TikTok videos coded as using joke, satire or parody (a disinformation strategy)","100 TikTok videos in which Javier Milei is the protagonist, published in the six months before the 2023 elections, retrieved purposively via #Milei, #javiermilei, #mileipresidente",Trump (22 %) como en el de Milei (17 %). Esta estra-,6,True,True,medium,ok
2-s2.0-105016716843,CONTENT,8,% of Milei campaign TikTok videos coded as containing manipulated images or videos,"100 TikTok videos in which Javier Milei is the protagonist, published in the six months before the 2023 elections, retrieved purposively via #Milei, #javiermilei, #mileipresidente",deos en el 8 % de los casos y la reutilización en el,6,True,False,medium,ok
2-s2.0-105016716843,CONTENT,10,% of Milei campaign TikTok videos coded as reusing existing video material,"100 TikTok videos in which Javier Milei is the protagonist, published in the six months before the 2023 elections, retrieved purposively via #Milei, #javiermilei, #mileipresidente","10 %, mientras que Trump no lo hace apenas. El con-",6,True,True,low,ok
2-s2.0-105017757935,CONTENT,16.3,% of top-performing breastfeeding Instagram posts scored completely inaccurate against CDC/WHO/AAP guidelines,"The same 80 eligible ""top posts"" from four breastfeeding hashtags",Videos with a total score of 1 13 (16.3),1,True,False,high,ok
2-s2.0-105019357120,CONTENT,0.19,% of all Reddit submissions in the study corpus that hyperlinked to a domain on a list of factually unreliable news websites,"327M Reddit submissions - the filtered study corpus of 57.2K subreddits over January 2020-June 2021 (2.2B comments and 491M submissions collected; 18+ subreddits, non-English comments and comments out","Altogether, within our set of studied 57K subreddits, we identify 633,585 submission hyperlinks to our set of unreliable news websites and a total of 7,546,917 submission hyperlinks to our set of reliable news websites.",2,False,True,low,ok
2-s2.0-105021733739,SHARING,4,"% of links shared in US political subreddits pointing to hostnames coded as junk news, election period","Links shared in the remaining US national politics subreddits, 25 Mar - 31 Dec 2020; coding covered the 220 hostnames appearing more than 100 times","while 17% of links shared fell under the category of junk news in our first dataset, it fell to about 4% in the second dataset, with propaganda making up little over 1% of links, sensationalist media counting 3%, and conspiracy a paltry 0.5%.",2,False,False,medium,ok
2-s2.0-105022108218,CONTENT,16.2,% of HoLEP surgery videos rated as containing extreme- or high-degree misinformation,"117 eligible English-language YouTube videos on HoLEP (from 1,416 screened; 1,156 excluded as non-English, irrelevant or non-audio, 143 as duplicates)","source, we observed that 16.2% had extreme- or high-degree",2,False,True,low,ok
2-s2.0-105026138407,CONTENT,21,% of news media articles about BC's drug decriminalization policy that contained misleading content (factually accurate but contextually distorted),"301 media articles discussing BC's decriminalization policy or its amendment, published online 31 May 2022 - 31 May 2025","Misleading content was identified in 21 % (n = 63/301) of all media articles. When disaggregated by article stance, oppositional articles accounted for the highest proportion of misleading content (n = 44/63; 70 %), followed by neutral (n = 14/63; 22 %) and supportive articles (n = 5/63; 8 %).",2,True,False,high,ok
2-s2.0-105026138407,CONTENT,1,% of public-facing government resources about BC's drug decriminalization policy that contained misleading content,"98 public-facing government resources discussing BC's decriminalization policy, published online 31 May 2022 - 31 May 2025","Minimal misleading content was identified in government resources, with only one instance (n = 1/98; 1 %) observed. This case, found in an educational resource, stated that decriminalization made communities unsafe and framed this as justification for recriminalizing possession in most public spaces",2,True,False,high,ok
2-s2.0-105028851691,CONTENT,31.6,% of the top TikTok videos under #adhd containing factually wrong information (strict falsity subtype),"98 TikTok videos: the first 100 videos shown under the #adhd hashtag to a newly created, non-personalised account on 3 January 2024, minus 2 excluded as not ADHD-related","misleading. Of these videos, 31 were classified as con-",1,True,False,medium,ok
2-s2.0-105029413645,CONTENT,6.8,% of health-tagged website domains visited by the panel that were hand-coded low-credibility,"1,155 unique domains carrying a 'Health' category tag in the panel's 9.7m logged web addresses (89,562 unique parent-level domains overall)","Of the 1,155 domains with a health category tag, only 78 (6.8%) were manually determined to be low-credibility.",6,False,True,medium,ok
2-s2.0-105029521599,SHARING,5.6,% of U.S. state legislators who shared at least one low-factual (misinformation) source on Facebook over 2020-2021,"U.S. state lawmakers in the analysis dataset (4,787 legislators with collected Facebook posts, 73.1% of those with an account; the regression sample is N = 3,262 and the text does not say which of the","While 94.4% of lawmakers in our analysis did not share any low-factual sources, 5.6% did.",1,False,False,medium,ok
2-s2.0-105034745484,CONTENT,16.1,% of Danish-group comments giving actionable medical advice (behavioural change) that were coded misleading,"211 comments in the Danish group coded as encouraging behavioural change, i.e. providing specific actionable medical advice (e.g. medication adjustment, inhalation technique)","In the Danish group, 211 comments encouraged behavioral change, of which 34 (16.1%, 95% CI: 11.4% - 21.8%) were classified as misleading.",2,True,True,high,ok
2-s2.0-105034745484,CONTENT,14.7,% of English-group comments giving actionable medical advice (behavioural change) that were coded misleading,251 comments in the English-language group coded as encouraging behavioural change (specific actionable medical advice),"In the English group, 251 comments encouraged behavioral change, of which 37 (14.7%, 95% CI: 10.6% - 19.7%) were classified as misleading.",2,True,True,high,ok
2-s2.0-105035056055,SHARING,8.12,% of Italian YouTube COVID-19 comments that were posted on videos from questionable (misinformation) channels,"1,273,930 Italian-language YouTube comments on SARS-CoV-2 videos, posted 15 January 2020 to 15 June 2020 by 324,006 users","Table 1 Breakdown of the YouTube dataset. Trustworthiness Channels Videos Comments Users Reliable 7,140 29,975 1,170,461 304,586 Questionable 17 464 103,475 9,094 Undefined – – – 10,326 Total 7,157 30,436 1,273,930 324,006",3,False,True,medium,ok
2-s2.0-105038091134,CONTENT,29.5,% of the analysed vaccine threads (unrelated and religious threads removed) coded as containing misinformation - narrower denominator,"5,431 boards retained for analysis (3,830 true + 1,601 misinformation), i.e. the 5,818 scraped threads after excluding 155 unrelated and 23 purely religious threads","After disregarding the unrelated and religious threads, and recategorizing the “mixed ” threads into the conspiracy category, there were 3830 true threads and 1601 threads containing misinformation, for a total of 5431 boards for analysis moving forward.",1,True,True,medium,ok
2-s2.0-105039619015,EXPOSURE,0.34,"% of total news consumption made up by pink slime website visits, among Americans exposed to at least one pink slime website",Total news website consumption of the panel participants who were exposed to at least one pink slime website,"websites represented .34% (95% CI = .04-.65%) of their total news consumption, again",2,False,True,medium,ok
2-s2.0-42649109723,CONTENT,42,% of popular-press (magazine and newspaper) articles about the 'Freshman 15' that ACCURATELY reflected the research finding of less-than-15-pound freshman weight gain (inverse of the misinformation sh,"Magazine and newspaper articles about the 'Freshman 15'/freshman weight gain retrieved from 23 databases, 1985-2006 (19 magazine + 146 general newspaper + 141 university newspaper = 306 popular-press ","Examination of the scholarly research on freshman weight gain indicated that, although American and Canadian first-year college and university students do gain weight, it is less than the purported ‘Freshman 15’. This finding is reflected with accuracy by 42% of the articles published in magazine an",1,False,True,low,ok
2-s2.0-84883291462,CONTENT,15.9,% of unique websites retrieved by CFDV searches that recommended a timing for the child's first dental visit inconsistent with international paediatric guidelines,157 unique websites remaining after removing 43 duplicates from the top-50 Google.com.au results for each of four CFDV search terms (200 results),Similar to guidelines 77 15 6 30 26 Dissimilar to guidelines 25 0 0 17 8 Total contributing entries 157 40 (25.5%) 117 (74.5%),1,False,False,medium,ok
2-s2.0-85055756722,RECALL,67.7,"% of respondents who recall sharing news on social media in the past month that was inaccurate, exaggerated or made up (any of four options)","1,210 UK Twitter users answering the dysfunctional-news-sharing item (from 1,313 surveyed respondents recruited from Twitter users who shared or followed UK tabloids)",Fully two-thirds (67.7%) admitted to having shared news that was problematic in some way in the past month.,3,False,False,high,ok
2-s2.0-85059494932,SHARING,25,% of tweets containing a URL to a news outlet that pointed to a fake news or extremely biased news website,"30.7 million tweets containing a URL directing to a classified news outlet website, sent by 2.3 million users, drawn from 171 million English tweets mentioning Clinton or Trump","a link to news outlets. Based on a classiﬁcation of news outlets curated by www.opensources.
                  co, we ﬁnd that 25% of these tweets spread either fake or extremely biased news. We",2,False,False,high,ok
2-s2.0-85060549676,SHARING,6,% of panel members who shared any political URL who shared at least one URL from a fake news source,Panel members who shared at least one URL with political content during the election season (count not stated in main text),season. Although 6% of people who shared URLs,6,False,False,high,ok
2-s2.0-85060549676,CONCENTRATION,74,share of all fake news exposures accounted for by the top 1% of panelists ranked by exposure to ANY political URL (overall superconsumers),All exposures to URLs from fake news sources among panelists exposed to any political URLs,"to any political URLs, accounting for 12% of all exposures and 74% of",6,True,False,high,ok
2-s2.0-85066887935,SHARING,30.9,% of coded YouTube links shared in Brazilian political WhatsApp groups that were junk news,"11,255 coded YouTube links (of 17,702 YouTube links shared; only those shared five or more times were individually labelled, the remaining 6,447 were classified as Video/Image sharing)","YouTube           17,702     11,255         3,477     30.9",1,False,False,medium,ok
2-s2.0-85066887935,SHARING,42.3,% of coded Facebook links shared in Brazilian political WhatsApp groups that were junk news,"494 coded Facebook links (of 1,549 Facebook links shared; only those shared five or more times were individually labelled)","Facebook          1,549       494           209       42.3",1,False,False,medium,ok
2-s2.0-85067547811,RECALL,75,% of respondents aware of at least four of the ten false claims presented,"1,007 Chilean online panel respondents (TrenDigital panel matched to population parameters on gender, age and region), wave 1","In wave-1, more than 75% of respondents reported being aware of at least four claims, especially those related to the great wildfires of 2017 and scientific myths related to vaccines.",1,False,False,medium,ok
2-s2.0-85072114698,RECALL,37.41,% of respondents whose source of the salt-water-for-Ebola message was social media,703 members of the general Nigerian population who were in Nigeria during the 2014 Ebola outbreak and returned an analysable online questionnaire (Table 2's 'Source of information' block totals 703),The predominant source of this message was the social media (37.41%).,1,False,False,medium,ok
2-s2.0-85073061780,CONTENT,12,% of health-related tweets from traditionally trusted health accounts classified as inaccurate,"34 health-related tweets in the labelled set that were authored by traditionally trusted users (health professionals, health authorities and health organization accounts)","dataset, as there were 34 tweets from them and only 4 (12%)",1,False,True,low,ok
2-s2.0-85074511992,SHARING,6.7,% of political news and information links shared in French election-hashtag tweets that came from divisive and conspiracy sources (junk news plus Russian state-funded sources),"8,783 coded links shared in French election-hashtag tweets (Table 3 total)","Subtotal 586 6.7 3,036 11 1,185 10.2",3,True,False,high,ok
2-s2.0-85074511992,SHARING,11,% of political news and information links shared in UK election-hashtag tweets that came from divisive and conspiracy sources (junk news plus Russian state-funded sources),"27,059 coded links shared in UK election-hashtag tweets (Table 3 total)","Subtotal 586 6.7 3,036 11 1,185 10.2",3,True,False,high,ok
2-s2.0-85074596916,SHARING,24.1,% of URL-carrying tweets in the US presidential election hashtag sample whose shared source fell in the broader Divisive and Conspiracy Sources category (junk news + WikiLeaks + Russian state-linked s,"2,792,760 URL-carrying tweets collected from Twitter's streaming API on 45+ US presidential election hashtags, 1-9 November 2016","Subtotal 674,269 24.1 21,219 18.2",2,True,True,medium,ok
2-s2.0-85074596916,CONCENTRATION,27.8,share of all divisive and conspiracy source shares that came from high-volume amplifier accounts (0.11% of users),"conc_group_pct denominator: 3.69m Twitter users in the 2016 election hashtag sample (Table 1). conc_share_pct denominator: all tweets sharing Divisive and Conspiracy Sources in that sample (674,269 pe","For Polarizing and Conspiracy Content, the number of total shares almost doubled to 180,337 shares generating 27.8 percent of all tweets in this category.",2,False,True,medium,ok
2-s2.0-85083041268,CONTENT,5.7,% of YouTube videos on surgical treatment of LUTS/BPH rated as providing EXTREME misinformation relative to EAU guideline evidence,"159 YouTube videos meeting inclusion criteria (English audio, >=500 views, non-instructional) across 15 search categories","In total, only 21 videos (13.2%) were rated to contain no misinformation while nine videos (5.7%) were rated to provide extreme misinformation (Fig. 1).",1,True,False,high,ok
2-s2.0-85083965254,CONTENT,21,% of the Facebook page's posts classified as potentially harmful health misinformation,"500 posts, all posts published by the Facebook page Sante + Mag between 10 and 31 January 2019","health misinformation, and 21% (105/500) were assessed as",1,True,False,high,ok
2-s2.0-85083965254,SHARING,14.3,"% of all interactions (reactions, comments, shares) on the page's posts that were generated by health misinformation posts","6,483,888 interactions (2,673,972 reactions, 183,730 comments and 3,626,186 shares) generated by the 500 posts","In fact, only 14.3% of the total of interactions came from health misinformation, and this proportion can even be lowered to 10.7% if we only consider health misinformation that could be potentially harmful.",1,False,False,high,ok
2-s2.0-85083965254,SHARING,10.7,% of all interactions on the page's posts that were generated by potentially harmful health misinformation posts,"6,483,888 interactions (reactions, comments and shares) generated by the 500 posts","In fact, only 14.3% of the total of interactions came from health misinformation, and this proportion can even be lowered to 10.7% if we only consider health misinformation that could be potentially harmful.",1,True,False,high,ok
2-s2.0-85084031148,CONTENT,34,% of the 100 most viewed atopic eczema YouTube videos classified as misleading AND potentially harmful,The 100 most viewed atopic eczema videos on YouTube,"as misleading, 71% (34/48) were considered potentially harmful",1,True,False,high,ok
2-s2.0-85086037795,CONCENTRATION,43.4,% of all countermedia shares on Facebook accounted for by the 22.9% of the sample at the extreme ends of the ideology scale,"1,152 countermedia content shares by 678 Facebook analytic-sample users","In the Facebook sample, those scoring at the extreme ends of the ideological spectrum shared 43.4% of all countermedia shares, despite the fact that these categories only represented 22.9% of the analytic sample.",2,False,True,medium,ok
2-s2.0-85086037795,CONCENTRATION,48.4,% of all countermedia shares on Twitter accounted for by the 22.8% of the sample at the extreme ends of the ideology scale,128 countermedia content shares by 543 Twitter analytic-sample users,"On Twitter, this pattern was nearly identical: 22.8% of the sample was responsible for 48.4% of all countermedia shares.",2,False,True,medium,ok
2-s2.0-85086160482,CONTENT,4,% of unique PAE-related websites containing a claim coded as inaccurate (strict falsity sub-category),50 unique patient-oriented websites from 21 PAE-specific Google queries,Inaccurate claims 2 4%,2,True,False,medium,ok
2-s2.0-85086160482,CONTENT,6,% of PAE-related YouTube videos containing a claim coded as inaccurate (strict falsity sub-category),31 unique consumer YouTube videos from 21 PAE-specific queries,Inaccurate claims 2 6%,2,True,False,medium,ok
2-s2.0-85089426034,CONTENT,68.09,% of independent user-generated Korean-language COVID-19 YouTube videos that contained misleading information,"47 videos uploaded by independent users (individuals who are not health care professionals and have no established affiliation), a subset of the 105 analysed videos","independent user–generated videos showed the highest proportion of misleading information at 68.09% (32/47), while all of the government-generated videos were useful.",1,False,False,high,ok
2-s2.0-85089622030,CONTENT,31.9,% of reviewed COVID-19 article links classified as fake news (vs science-based),"All retained reviewed article links from the 27 BuzzSumo searches (fake + science-based); the paper states 2,102 articles were reviewed and each search was stopped at 100 articles counting fake + scie",Key Words           No. News (%)          No. Shares (%) Italian (English)     Fake     Verified     Fake      Verified Vitamina C (vitamin C)     24.0%     76.0%       32.0%       68.0% Vitamina D (vitamin D)     79.6%     20.4%       89.4%       10.6% Aglio (garlic)        18.0%     82.0%       68,1,False,False,medium,ok
2-s2.0-85092013677,CONTENT,21,% of the first 150 YouTube 'bladder cancer' videos with a moderate to high amount of misinformation (Likert score >2 of 5),"the first 150 of 242,000 YouTube videos returned for the search 'bladder cancer'",A moderate to high amount of misinformation was present in 21% of videos and reached 1 289 314 viewers.,1,True,False,high,ok
2-s2.0-85092483799,CONTENT,51.1,% of breast-cancer pins that made a factual claim about prevention or treatment that contained misinformation,178 of the 797 pins that made a factual claim about what social media users could do to prevent or treat breast cancer (22.3% of the corpus; the remainder were mostly inspirational messages and produc,than half (51.1%) contained misinformation.,1,True,False,high,ok
2-s2.0-85095594211,CONTENT,0,% of the 30 most-shared online articles about coronavirus prevention that were 'inaccurate' (the paper's strictest falsity category),"30 articles about coronavirus prevention with the highest number of social-media shares (Buzzsumo), April 2020",accurate (80%) and 6 to be misleading (20%). None of the analyzed,2,True,False,high,ok
2-s2.0-85096102360,RECALL,23.44,% of adults who reported having seen three or more of the 12 WHO-identified COVID-19 misinformation items in the preceding three months,The same 1049 South Korean adults (weighted to the 2018 Korea census by age and sex),"Table 2. Respondents’ exposure to COVID-19 misinformation (N=1049). Variables Participants, n (%)a Weighted valuesb, n (%)a Number of COVID-19 misinformation items 0 321 (30.60) 338 (32.19) 1 279 (26.60) 260 (24.74) 2 205 (19.54) 206 (19.63) ≥3 items 244 (23.26) 246 (23.44)",1,True,False,high,ok
2-s2.0-85099149423,CONTENT,4.1,"% of the most-engaging Portuguese-language COVID-19 links in Brazil classified as fabricated content (100% false, created to deceive)","97 Portuguese-language links about COVID-19 with the highest total engagement on Facebook, Twitter, Reddit and Pinterest, 1-31 March 2020 (BuzzSumo)","‘mis/disinformation’ accounted for 13.5% of the analysed links, classified as false connection (5.2%), misleading content (4.1%) and fabricated content (4.1%).",1,True,False,high,ok
2-s2.0-85100218180,SHARING,0.3,% of all COVID-19 hashtag posts (tweets + quotes + retweets) that contained a URL from a low-quality/misinformation domain list,"67,602,036 posts (11,276,874 original tweets + 1,500,099 quotes + 54,825,063 retweets) collected via the Twitter Streaming API on 14 English COVID-19 hashtags, 16 January - 15 April 2020","Combined 67,602,036 7,275,642 (10.8%) 128,621 (0.2%) 1,519,878 (2.2%) 199,334 (0.3%)",1,False,False,high,ok
2-s2.0-85100218180,SHARING,0.83,% of ORIGINAL COVID-19 hashtag tweets that contained a URL from a low-quality/misinformation domain,"11,276,874 original tweets (non-retweet, non-quote) in the COVID-19 hashtag corpus, 16 January - 15 April 2020","Finally, low-quality/fake news sources (LQMS) account for 0.83% of original tweets and 0.19% of retweets.",1,True,False,high,ok
2-s2.0-85102849802,CONTENT,1.20,% of unique party Facebook ad creatives (visually identical ads) whose content contains disinformation,"1,743 'visually identical ads' (VIAs) - the distinct ad creatives underlying the 14,684 ads, each of which was run against different microtargeted audiences with its own spend and impressions",Contains disinformation 21 1.20% 292 1.99%,1,False,False,high,ok
2-s2.0-85105511315,CONTENT,11,% of YouTube videos shared in COVID-19 posts on both platforms that had been removed or made private (the paper's proxy for low-credibility video content),"16,669 YouTube videos shared at least once on BOTH Twitter and Facebook among links in English COVID-19 keyword posts (out of over 64k videos linked on Twitter and 204k on Facebook)","their metadata and focus on the 1,828 (11%) videos",2,False,True,medium,ok
2-s2.0-85107390682,CONTENT,35,% of IPF Facebook groups and pages that contained at least one post with potentially harmful information,"39 IPF-focused Facebook groups and pages meeting eligibility criteria (12 groups, 27 pages), judged on their sampled posts",but 35% of all groups or pages contained such posts.,1,False,False,medium,ok
2-s2.0-85109464429,CONTENT,22.0,"% of the 10 top-ranked videos per search term (100 videos, no eligibility filtering) containing clinical/scientific inaccuracies","100 videos: the first 10 relevance-ranked results for each of the 10 Portuguese search terms, with none of the study's exclusion criteria applied","A prevalência de imprecisões foi de 22,0%",1,True,False,high,ok
2-s2.0-85116003554,RECALL,30.9,% of respondents who say they SOMETIMES shared a news story on social media that they later found to be fake,"1,111 Chinese adults on a national research-only online panel, cooperation rate 40.5%",More than one-third also said that they had “often” (5.7%) or “sometimes” (30.9%) shared news stories on social media that they later found to be fake.,4,True,False,high,ok
2-s2.0-85121019757,EXPOSURE,10,"% of clicks on Facebook that went to fake-news domains, in the censored Facebook URLs dataset (URLs with >=100 public shares only)",all clicks by U.S. users on URLs contained in the Facebook URLs dataset in December 2018 (dataset restricted to URLs shared publicly by 100+ users); total clicks not reported,"In that month of the Facebook dataset, we found that 10% of clicks went to fake news, 38% of clicks went to not-fake news, and 52% of clicks went to not-news sites (shown in Column B in Table 1).",2,True,False,high,ok
2-s2.0-85121019757,EXPOSURE,7,"% of Facebook-referred clicks that went to fake news, after dropping panel URLs absent from the censored Facebook URLs dataset","the subset of the 1,000 sampled Nielsen Facebook-referred URLs that could be matched in the Facebook URLs dataset (i.e. that met the 100-public-share threshold), December 2018",dropping the Nielsen URLs without Facebook matches—we found that 7% were fake news,2,True,False,medium,ok
2-s2.0-85121019757,EXPOSURE,7,"% of Facebook-referred clicks that went to fake news, among URLs above a 100 CrowdTangle public-share threshold",the subset of sampled Nielsen Facebook-referred URLs (December 2018) with more than 100 CrowdTangle public shares since January 2017,"Above the 100 CrowdTangle share threshold, 7% of clicks were to fake news sites, 42% of clicks were to not-fake news sites, and 51% of clicks were to non-news sites.",2,True,False,medium,ok
2-s2.0-85121019757,CONTENT,0.00023,% of all unique URLs shared on Facebook that were rated false by third-party fact-checkers (no share threshold),16.2 billion unique URLs shared on Facebook between 1/1/2017 and 12/31/2018 with no public-share threshold applied,"The Facebook team found that the number of unique false news URLs as a proportion of all unique URLs in the dataset increased by two orders of magnitude when a 100 public share threshold was implemented, going from 0.00023% with no threshold to 0.022% with one (a two-magnitude increase).",2,False,False,medium,ok
2-s2.0-85121019757,SHARING,0.091,% of all public URL shares on Facebook that were shares of URLs rated false by third-party fact-checkers (no share threshold),33.7 billion public URL shares on Facebook between 1/1/2017 and 12/31/2018 with no public-share threshold applied,"Additionally, when the researchers focused on the total public URL shares (a closer analog to the click analysis that we did previously, but clicks are more common than shares) rather than the number of unique URLs, they found that the proportion of false news URLs shares doubled with the 100-share ",2,False,False,medium,ok
2-s2.0-85121464977,CONTENT,15.3,% of eligible PPE donning/doffing YouTube videos containing claims that were false or without any supporting data,"144 English-language YouTube videos on PPE donning and doffing eligible after screening, drawn from the first 50 results for each of 40 keyword combinations (2,000 videos screened)","Inaccuracy reasons or non-evidence-based claims Videos, n (%) Incomplete presentation of data 81 (90.0) Inconsistent with CDC recommendations 45 (50.0) Weak or inconsistent supporting data 42 (46.7) Misrepresentation of data 32 (35.6) False or without any supporting data 22 (24.4)",1,True,True,medium,ok
2-s2.0-85124307830,RECALL,44.3,% of survey respondents who report having seen or heard the false claim 'Water' in the last month,"18,314 complete survey responses from adults (18+) in 40 countries, recruited through Facebook advertisements and post-stratified by raking on age, sex and country","A smaller portion of respondents were exposed to do-it-yourself (DIY) rumors on preventive measures with Sunbath seen by 54.7%, Water by 44.3%, Vinegar by 34.9%, and Dryer by 27.4% of the respondents.",6,False,False,high,ok
2-s2.0-85124307830,RECALL,34.9,% of survey respondents who report having seen or heard the false claim 'Vinegar' in the last month,"18,314 complete survey responses from adults (18+) in 40 countries, recruited through Facebook advertisements and post-stratified by raking on age, sex and country","A smaller portion of respondents were exposed to do-it-yourself (DIY) rumors on preventive measures with Sunbath seen by 54.7%, Water by 44.3%, Vinegar by 34.9%, and Dryer by 27.4% of the respondents.",6,False,False,high,ok
2-s2.0-85124823821,RECALL,12.3,% of survey respondents who said they shared the speculative COVID-19 cure/protection information they received with personal contacts on social platforms without verifying it,1061 respondents who answered the item on action taken on information received about a cure for COVID-19,"In comparison, 12.3% (130/1061) shared the information",1,False,True,medium,ok
2-s2.0-85127622287,CONTENT,6.4,"% of vaccination web pages found in search results flagged by trained coders as possibly presenting medical misinformation, before expert verification","1,672 vaccination web pages in the U.S. catalogued from manual search-engine searches with Ahrefs SEO data",107 were identified as possibly presenting strictly medical,1,True,True,low,ok
2-s2.0-85129109345,CONTENT,74,% of YouTube videos about COVID-19 and vitamin D containing at least some misleading information about COVID-19,77 English-language YouTube videos discussing both COVID-19 and vitamin D,"Nearly three-quarters (57/77, 74%) of the videos contained at",1,True,False,high,ok
2-s2.0-85129781787,CONTENT,66.7,"% of articles discussing chloroquine that suggested it may be effective against COVID-19, contrary to WHO's statement that there was no evidence of effectiveness in humans",75 articles discussing chloroquine (23.9% of the 314 treatment articles),"tiveness was unknown. However, 50 (66.7%) suggested",1,False,False,medium,ok
2-s2.0-85129781787,CONTENT,67.2,"% of articles discussing plasma therapy that suggested the treatment was likely to be effective, which WHO had not verified",64 articles discussing plasma therapy (20.4% of the 314 treatment articles),"discussing plasma therapy, 43 (67.2%) suggested the",1,False,False,medium,ok
2-s2.0-85131964464,CONTENT,31.7,% of Bolsonaro's most-retweeted pandemic-related tweets that contained disinformation,41 of the 100 most-retweeted @jairbolsonaro tweets that dealt with the pandemic (37 with the pandemic as the main theme plus 4 with it as a secondary theme),"Por fim, cabe destacar que, dos 19 conteúdos mais retuitados e apontados como desinformação, 13 tratavam sobre a pandemia. Em outras palavras, é elucidar que, dos 41 conteúdos tratando de pandemia, mais de 30% apresentam desinformação.",1,False,False,medium,ok
2-s2.0-85136545530,RECALL,33.8,% of past-month political-news sharers who report having shared exaggerated or false news without correcting it (amplification),"589 respondents (of the 2,005 UK social media users) who reported sharing political news on social media at least once in the past month","As Table 1 shows, a third (33.8%) of UK social media users who shared news in the past month amplified exaggerated or false news (RQ1).",1,True,False,high,ok
2-s2.0-85136545530,RECALL,7.6,"% of past-month political-news sharers who report knowingly sharing news they thought was made up when they shared it, without correcting it","589 respondents (of 2,005 UK social media users) who reported sharing political news on social media at least once in the past month","However, the more problematic behavior was also evident: 7.6% of sharers said they knowingly amplified made-up news.",1,True,False,high,ok
2-s2.0-85138494787,SHARING,10.7,"% of the 1000 most-retweeted tobacco x COVID-19 posts that addressed a protective role of nicotine, smoking, vaping or tobacco against COVID-19","1000 most-retweeted posts about tobacco and COVID-19, January-September 2020 (retweeted 578,763 times in total, range 105-117,662)","Protective role of nicotine Nicotine could protect people from contracting the coronavirus, according to new research 107 (10.7)",2,False,False,high,ok
2-s2.0-85138494787,SHARING,3.8,% of retweet volume in the top-1000 sample generated by posts explicitly endorsing the claim that nicotine prevents COVID-19,"578,763 retweets of the 1000 most-retweeted tobacco x COVID-19 posts","content was retweeted 21,782 times, garnering 3.8% of retweets",2,True,False,high,ok
2-s2.0-85138494787,SHARING,55.8,% of the 163 top posters who retweeted at least one of the top posts claiming nicotine prevents COVID-19,"163 top users (those with 200 or more posts in the corpus, responsible for 5.59% of all content), out of 817,691 users","the top 163 users, 91 (55.8%) retweeted at least 1 of the top",2,False,True,medium,ok
2-s2.0-85138494787,CONCENTRATION,10.93,share of all tobacco x COVID-19 posts produced or retweeted by the top 0.12% of users,"1,420,271 posts (tweets and retweets) about tobacco and COVID-19 from 817,691 users, January-September 2020",10.93% of all tobacco and COVID-19 content.,2,False,True,high,ok
2-s2.0-85138526885,SHARING,23,% of shared-link occurrences pointing to partisan media outlets whose news item was classified as fabricated news,"2,765 occurrences of shared links pointing to the 24 partisan media outlets, among the 4,995 occurrences of the 170 URLs (47 distinct outlets) that were shared at least 10 times in the 40,000-tweet co","Já os meios de comunicação classificados como partidários apresentaram 61% de notícias genuínas (n = 1681), 23% de notícias tipificadas como fabricadas (n = 634), e 11% de embustes (n = 312); 5% não estavam disponíveis para consulta, com acesso restrito apenas para assinantes (n = 138).",1,False,False,medium,ok
2-s2.0-85138526885,SHARING,11,% of shared-link occurrences pointing to partisan media outlets whose news item was classified as a hoax (embuste),"2,765 occurrences of shared links pointing to the 24 partisan media outlets, among the 4,995 occurrences of the 170 URLs (47 distinct outlets) shared at least 10 times in the 40,000-tweet corpus","Já os meios de comunicação classificados como partidários apresentaram 61% de notícias genuínas (n = 1681), 23% de notícias tipificadas como fabricadas (n = 634), e 11% de embustes (n = 312); 5% não estavam disponíveis para consulta, com acesso restrito apenas para assinantes (n = 138).",1,True,False,medium,ok
2-s2.0-85138526885,SHARING,10,% of shared-link occurrences pointing to independent media outlets whose news item was classified as fabricated news,"456 occurrences of shared links pointing to the 10 independent media outlets (410 genuine + 46 fabricated), among the 4,995 occurrences of the 170 most-shared URLs","No que se refere a análise de notícias publicadas por meios de comunicação independentes, identificou-se que 90% das notícias foram genuínas (n = 410), enquanto 10% foram notícias fabricadas (n = 46).",1,False,False,medium,ok
2-s2.0-85141666446,CONTENT,5.3,% of the most-engaged social-media posts (within the 500 selected) that were classified as misinformation,152 social media posts among the 500 most-engaged posts about five COVID-19 interventions in Vietnam,Social media 99 (31.33) 8 (80) 41 (26.79) 4 (18.18) 152 (30.40),1,False,False,medium,ok
2-s2.0-85141702826,RECALL,39.6,% of respondents who say they have read fake news about COVID-19 on social media to a very large extent (strictest threshold),"259 adult residents of Lagos State, Nigeria, recruited by purposive sampling to an online (Google Form) questionnaire",Table 1. Social media reports and fake news on COVID-19 (n=259) I have read social media report I have read fake news on social Response I have heard of COVID-19 on COVID-19 media about COVID-19 Very large extent 74.1% 57.7.% 39.6%,1,True,False,high,ok
2-s2.0-85142396682,SHARING,6.4,% of external links tweeted by AfD members of the German parliament that pointed to domains rated untrustworthy (NewsGuard score <60),"All external URLs in original German-language tweets posted by AfD accounts among 822 German politician handles, in the 2020-2022 window; German corpus 754,233 tweets over the full period; NewsGuard c",tion decreases from 8.3% ± 2.2% to 6.4% ± 1.9%.,6,False,False,medium,ok
2-s2.0-85142886759,SHARING,2,% of distinct URLs cited in COVID-19 vaccine tweets that came from a low-credibility web domain,"Distinct URLs cited in the tweets collected before the halt (the whole 1-15 September collection cites 3,247,946 distinct URLs from 167,186 distinct web domains); the exact denominator behind the 2% i","We identified 14,215 (2%) URLs from 377 low credibility information sources",1,True,False,medium,ok
2-s2.0-85145881152,CONTENT,63.2,"% of health-related WhatsApp messages judged invalid (invalid with or without potential health risk), the stricter falsity category","326 Arabic-language health-related WhatsApp messages contributed by 282 first preparatory-year students at King Saud University, Riyadh, after excluding exact duplicates and non-health messages","Around 280 (86%) of the studied messages were either invalid with or without potential risk (63.2%) or inaccurate (22.4%), and only 14.4% were valid (Figure 1).",1,True,False,high,ok
2-s2.0-85145956359,REACH,63,% of survey respondents whose Twitter timeline contained at least one post from a RUSSIAN (Internet Research Agency) foreign influence account,"1,496 US respondents in the Twitter-linked YouGov panel",linked survey data that 63% of US Twitter users were potentially,3,True,False,high,ok
2-s2.0-85145956359,CONCENTRATION,89,Concentration of exposure across sources: share of the Russian foreign influence content in respondents' timelines produced by 1% of Russian foreign influence accounts,"All Russian foreign influence content appearing in the 1,496 linked respondents' Twitter timelines","exposures, with 1% of Russian accounts accounting for 89% of the",3,False,False,high,ok
2-s2.0-85149209612,CONTENT,13.5,% of most-viewed YouTube videos on appendectomy and cholecystectomy rated as containing more significant misinformation (stricter threshold),The same 200 YouTube videos (100 most-viewed per procedure),"Sixty five percent of videos did not contain misin- formation, while 21.5% of videos contained some misinfor- mation and 13.5% of videos contained more significant misinformation.",3,True,False,medium,ok
2-s2.0-85153931706,CONTENT,6.1,% of COVID-19-related ('informative') clustered images shared in COVID-19 hashtag tweets that were annotated as COVID-19 misinformation,"39,367 images in the 2,316 image clusters judged 'informative' (i.e. containing visual cues or English/Chinese words connected to the COVID-19 pandemic), drawn from 339,952 images downloaded from 2,33","At last, we have 165 image clusters identified as COVID-19 misinformation image clusters, containing 2,417 images posted by 2,403 users.",1,False,False,high,ok
2-s2.0-85153931706,CONTENT,1.65,% of ALL clustered images shared in COVID-19 hashtag tweets (COVID-related or not) that were annotated as COVID-19 misinformation,"146,192 images in the 7,668 clusters retained after removing 105 false-positive clusters, i.e. every clustered image from the 339,952 images downloaded from 2,335,412 COVID-19-hashtag tweets - includi","The 165 COVID-19 misinformation image clusters contain 2,417 images included in 2,417 tweets in total while the remaining 7,503 non-misinformation image clusters include 143,774 images shared in 143,755 tweets.",1,True,False,medium,ok
2-s2.0-85154558018,CONCENTRATION,20,share of all fake-news comments accounted for by the single most-shared fake-news domain (breitbart.com),"116,212 Reddit comments containing links to fake-news domains","Those low average values are due to the frequency distribution of the number of comments per news site being skewed: most news sites attract a few comments only, while a few attract most comments (e.g., approximately one-fifth of all fake news comments contained URLs from breitbart.com).",3,False,True,low,ok
2-s2.0-85159153364,SHARING,0.95,% of all interactions on conflict-related Facebook posts that went to posts linking to low-credibility news websites,Over 2.9 billion interactions generated by the 19.5 million conflict-related Facebook posts,"80,066 posts (0.4% of all posts) sharing links to low-credibility news websites, generating 28,334,900 interactions (0.95% of all interactions)",6,False,True,medium,ok
2-s2.0-85159326203,RECALL,27.0,% of college students who admitted that information they had shared on social media might be wrong information,"359 valid respondents: college students in parts of Rajasthan and Maharashtra, India","still, almost 20.0% of students reported that they had shared misinformation. About 27.0% of the students admitted",2,True,False,low,ok
2-s2.0-85159871316,CONTENT,7,% of #coronavirus TikTok videos graded as containing HIGH-level COVID-19 misinformation (stricter threshold),"166 English-language, publicly viewable, COVID-relevant TikTok videos under #coronavirus",  High                              11 (7)          9.4M (5.1–18M),1,True,False,high,ok
2-s2.0-85160008311,CONTENT,62.1,"% of opinion tweets supporting COVID-19 measures, carrying a visualization, that contained any reasoning error","517 opinion tweets whose text supports COVID-19 measures and government intervention, drawn from 9,958 manually coded COVID-19 visualization tweets",Any reasoning error 321 62.1% 904 94.8% 66 97.1%,1,False,True,medium,ok
2-s2.0-85160248068,EXPOSURE,0.12,% of all URLs seen in participants' Google Search results that came from unreliable news domains (participant-level average),"all URLs appearing in the Google Search result pages the average participant was exposed to (1,245,155 URLs from 102,114 searches by 275 participants, 2018 wave; Table S4)",2018 Google Search Exposure Google SERPs 14.31% 0.12% 2.05% 45.61% 2.46% 4.79%,6,False,False,high,ok
2-s2.0-85160248068,EXPOSURE,0.04,% of all URLs seen in participants' Google Search results that came from unreliable news domains (participant-level average),"all URLs appearing in the Google Search result pages the average participant was exposed to (3,654,829 URLs from 226,035 searches by 459 participants, 2020 wave; Table S4)",2020 Google Search Exposure Google SERPs 14.71% 0.04% 0.72% 52.25% 1.18% 2.18%,6,False,False,high,ok
2-s2.0-85160248068,EXPOSURE,0.06,% of all URLs participants followed from Google Search results that came from unreliable news domains (participant-level average),"all URLs followed from Google Search results by the average participant (212,796 URLs, 459 participants, Tab Activity, 2020 wave; Table S4)",Google Search Follows Tab Activity 3.47% 0.06% 2.03% - - -,6,False,False,high,ok
2-s2.0-85160248068,EXPOSURE,0.04,% of all URLs participants visited anywhere on the web that came from unreliable news domains (participant-level average),"all URLs visited by the average participant across the web (31,202,830 URLs, 688 participants, Browser History, 2020 wave; Table S4)",Overall Engagement Browser History 3.24% 0.04% 1.86% - - -,6,False,False,high,ok
2-s2.0-85163154882,SHARING,22,% of the websites shared on 4chan /pol/ that were coded specifically as 'propaganda' (websites that misrepresent facts for political ends),"182 hostnames shared on 4chan /pol/ with more than 400 mentions over the period, hand-coded by the research team","4chan’s 22% of sources coded as “propaganda” are more than the junk information
found on Reddit combined.",2,True,False,medium,ok
2-s2.0-85163186108,SHARING,11.1,"% of image shares that are 'obvious misinformation' only, excluding the separately coded previously-fact-checked category (IPW estimate for the population of image shares)","All image shares in the monitored 5,000+ public political WhatsApp groups (1.6 million images), estimated by inverse probability weighting with post-stratification on percentiles of number of times sh",Misinfo 18.8 (0.9) 10.7 (1.4) 9.3 (1.5) 11.1 (1.2),1,True,False,high,ok
2-s2.0-85163186108,SHARING,9.3,"% of unique images (perceptual-hash image clusters) circulating in the groups that are 'obvious misinformation' (IPW estimate, unweighted by how often an image is shared)","All unique image clusters in the monitored 5,000+ public political WhatsApp groups (1.6 million images collapsed into clusters by Facebook PDQ perceptual hashing plus DBSCAN), estimated by inverse pro",Misinfo 18.8 (0.9) 10.7 (1.4) 9.3 (1.5) 11.1 (1.2),1,True,False,high,ok
2-s2.0-85164339474,CONTENT,7.56,"Misinformation statements per 100 COVID-19 news transcripts, all six networks pooled (the paper's Total Misinformation Index)","939 COVID-19-related broadcast news transcripts (a random 20% sample of each week's transcripts from six national networks: ABC 120, CBS 131, NBC 171, CNN 220, FOX 148, MSNBC 149)","Total Misinformation Index            2 (1.66%)          3 (2.29%)        3 (1.75%)           25 (11.4%)      16 (10.8%)      22 (14.8%)        71 (7.56%)
Total Refutation Indexa               0                  2 (66.7%)        3 (100%)            24 (96.0%)        0             17 (77.3%)        4",6,False,False,high,ok
2-s2.0-85164339474,CONTENT,3.6,% of COVID-19 news transcripts containing misinformation about the COVID-19 vaccine,939 COVID-19-related broadcast news transcripts from six national networks,"Misinformation about           2 (1.7%)        2 (1.5%)        5 (2.9%)        13 (5.9%)       3 (2.0%)        9 (6.0%)          34 (3.6%)
the COVID-19 vaccine",6,True,False,medium,ok
2-s2.0-85164694763,SHARING,14,% of the URLs retweeted from the United States in the vaccine debate whose domains are low-credibility,All URLs retweeted from United States accounts within the vaccine-keyword Twitter corpus during the vaccine development period (Oct-Dec 2020); the count is not reported,Note that Twitter's account purge substantially impacted the misinformation spread worldwide: the proportion of low-credibility domains in the URLs retweeted from the United States dropped from 14% to 7%.,2,False,True,medium,ok
2-s2.0-85168520853,CONTENT,78.5,% of discussion threads containing at least one misinformation statement,144 threads sampled from the 2 Italian Facebook mental-health communities,"(78.5%) contained misinformation. Of these 113 threads, 60",1,False,True,high,ok
2-s2.0-85172813494,RECALL,63.8,% of respondents who had heard disinformation narrative N3 (MENAS: young immigrants can collect large rental and social payments) before the survey,"1,003 Spanish residents aged 18-74 (Gesop online panel, stratified by sex x age with 125 interviews per stratum, distributed proportionally by autonomous community and municipality size)","Other two narratives (N3-MENAS and N5-CovidVaccines), related to immigration and covid-related disinformation, were spread among 60%.",3,False,False,medium,ok
2-s2.0-85173877860,CONTENT,83.6,% of Malay-language breast-cancer prevention/treatment tweets that contain misinformation,"428 Malay-language tweets about breast cancer prevention or treatment (all Malay tweets retrieved for the period, 3,167 collected, were screened)",Language Malay 428 358 (83.6%) 70 (16.4%) <0.001 English 352 98 (27.8%) 254 (72.2%),1,False,False,high,ok
2-s2.0-85173877860,CONTENT,27.8,% of English-language breast-cancer prevention/treatment tweets that contain misinformation,"352 English-language tweets about breast cancer prevention or treatment (from 3,054 English tweets randomly selected out of 344,736 collected)",English 352 98 (27.8%) 254 (72.2%),1,False,False,high,ok
2-s2.0-85173877860,CONTENT,29.9,% of breast-cancer prevention/treatment tweets containing FABRICATED misinformation (stricter definition: claims with no evidence in the scientific literature),780 tweets about breast cancer prevention or treatment (the same denominator as the pooled row),233 (51.1%) contained fabricated information,1,True,False,medium,ok
2-s2.0-85173913530,CONTENT,22,% of English-language YouTube videos on varenicline/smoking cessation classified as containing misleading information,"142 English-language videos in the analytic sample (Tables 4 and 5), drawn from the 360 videos taken from the first three pages of view-count-sorted results for six search terms after removing duplica","Of the videos evaluated, 78% were classified as useful, while the remaining 22% were mislead-",1,False,False,medium,ok
2-s2.0-85174615177,SHARING,4.8,% of all likes on the analysed ophthalmology TikTok videos that went to videos containing misinformation (engagement-weighted share),"All likes accruing to the 723 analysed ophthalmology TikTok videos (mean 243,011 likes per post)","of all videos, comprising 4.8% of all likes, 4.7%",1,False,True,high,ok
2-s2.0-85174641364,CONTENT,29,% of coded precision-nutrition tweets containing potentially misleading (but not untrue) information,"504 eligible coded tweets (random sample of 1,200 drawn from 6,366 keyword-captured tweets)","Overall, 29% (146/504) of tweets were judged to contain potentially misleading information, 14.9% (75/504) contained untrue information, and the remaining 56.2% (283/504) had neither ( Table 4 ).",1,True,True,medium,ok
2-s2.0-85175983241,CONTENT,44,% of assessable COVID-19 claims that panel members reported hearing in the past seven days that were classified as misinformation,"1,136 assessable claims, extracted from 1,449 open-ended responses given by 165 panel members (77% of the 214 enrolled) across 52 weekly surveys; a response was assessable if the claim could be proven","Of the 1,136 assessable claims, 505 (44%) were classified as misinformation, with 112 panel members ever providing at least one open-ended response that was classified as misinformation.",1,False,True,medium,ok
2-s2.0-85177420309,CONTENT,14.9,% of first-page Google results for 11 popular conspiracy theories that were coded as CT-confirming (all 12 countries pooled),"1,259 temporally stable first-page Google URLs, pooled across 11 conspiracy theories x 12 countries (per-country n from 71 in Brazil to 115 in Czech Republic and Hungary)","We analysed links from Google search results (N = 1259) in 12 Western and non-Western countries and 10 languages. Overall, users are more likely to encounter neutral or debunking content when using Google to search for prominent CTs.",12,False,True,medium,ok
2-s2.0-85181752010,CONTENT,14.1,% of top endometriosis TikTok videos presenting clinically unvalidated treatments/cures (treatment misinformation),298 TikTok videos analysed (top 100 valid videos under each of three endometriosis search terms),(14.1%) presented information on treatments and cures,1,True,False,high,ok
2-s2.0-85182846541,SHARING,1.9,% of COVID-19-related tweets containing URLs whose URL was to a low-credibility domain,5.3 million COVID-19-related tweets containing URLs (14.5% of the 36.5 million COVID-19-related tweets collected 4-25 March 2021),"We identified 100,708 COVID-19-related tweets which referenced low-credibility domains (0.28% of all COVID- 19-related tweets, and 1.9% of those containing URLs)",2,True,False,high,ok
2-s2.0-85182846541,SHARING,2.9,% of AstraZeneca-related tweets containing URLs whose URL was to a low-credibility domain,"83,646 AZ-related tweets containing URLs (24.9% of the 336,483 AZ-related tweets)","and 2,419 AZ-related tweets which ref- erenced low-credibility domains (0.72% of all AZ-related tweets, and 2.9% of those containing URLs).",2,True,False,high,ok
2-s2.0-85186874194,CONTENT,36.0,% of educational sinusitis TikTok videos that were nonfactual (the paper's own definition of misinformation: educational but nonfactual),"136 of the 220 included sinusitis videos that were categorised as educational (intent to teach viewers); the 220 came from the first 155 videos returned for each of three hashtags (465 initial, 245 ex",Education type Factual 87 (64.0%) 29 (46.7%) 22 (71.0%) 36 (83.7%) <.001 Nonfactual 49 (36.0%) 33 (53.2%) 9 (29.0%) 7 (16.3%),1,False,False,high,ok
2-s2.0-85188358632,SHARING,33.3,median daily % of engagements (retweets and mentions) with the public health agency account that contained misinformation or negative vaccine stance,"All daily engagements (retweets and mentions) targeting the THL Twitter account within the 1,683,700-tweet vaccination corpus; ratio computed per day and summarised by its median","MINVS engagement ratio is 6.8%. From the 1st of October 2020 onwards, this number increased to 33.3%.",1,False,True,medium,ok
2-s2.0-85188358632,SHARING,3,% of retweets by human (non-bot) accounts whose original author was a malicious bot (unreliable source),All retweets made by non-bot (human) accounts within the same time frame in the Finnish vaccination corpus (excluding the THL account),"This trend is particularly evident in the early stages of the pandemic, during which the average retweet from malicious bot ratio is 0.23%. However, from June 2021, there is an observable rise in this ratio (from 0.23 to 3%), indicating some regular users are influenced by the content from malicious",1,False,True,medium,ok
2-s2.0-85188358632,CONCENTRATION,82,share of all misinformation / negative-vaccine-stance content contributed by the most vocal 10% of users,"All MINVS (misinformation or negative vaccine stance) content in the corpus of 1,683,700 Finnish vaccination-related tweets from 60,560 unique accounts","the vocal 10% of online users were predominantly anti-vaccination campaigners and malicious bots. In fact, over 82% of the MINVS contents from our dataset are shared by the vocal minority.",1,False,True,medium,ok
2-s2.0-85189042631,RECALL,42.11,% of rural respondents who say there is 'a great deal' of made-up news and information about the basic facts of the coronavirus around them,"399 rural adults from Bangladesh (n = 49), India (n = 300) and Pakistan (n = 50), convenience sample",figure shows that 42.11% of participants reported “a great,1,True,False,high,ok
2-s2.0-85189042631,RECALL,69.39,% of rural Bangladeshi respondents who perceive 'a lot' of made-up news and information about coronavirus around them,"49 rural adults from five villages in Mohanpur upazila, Rajshahi district, Bangladesh","In Bangladesh, 69.39% of participants perceived “a lot” of",1,False,False,low,ok
2-s2.0-85189042631,RECALL,53.33,% of rural Indian respondents who perceive 'a great deal' of made-up news and information about coronavirus around them,"300 rural adults from Uttar Pradesh and Rajasthan, India","In India, the majority (53.33%) of participants",1,False,False,medium,ok
2-s2.0-85189042631,RECALL,6,% of rural Pakistani respondents who perceive 'a lot' of made-up news and information about coronavirus around them,"50 rural adults from Punjab province, Pakistan","In Pakistan, 50% of participants perceived the",1,False,False,low,ok
2-s2.0-85190817518,CONTENT,54,% of FACT-BASED Reddit comments (subjective/opinion/support comments excluded) judged medically inaccurate or misleading,"116 fact-based comments, i.e. the 411 comments after excluding subjective comments related to opinions, feelings or support","When isolating only fact-based comments, 54% (63/116) were",1,True,False,high,ok
2-s2.0-85190817518,CONTENT,9,% of original Reddit posts (thread starters) judged medically inaccurate or misleading,"11 original Reddit posts selected for analysis (8 accurate, 2 undetermined because they opened with a question, 1 inaccurate/misleading)","(73% [8/11]) were accurate, with only 1 (9%) categorized as",1,False,True,low,ok
2-s2.0-85191807094,CONTENT,61,% of canine-cancer YouTube videos graded as containing little to no misinformation (INVERSE polarity: the misinformation-carrying share is the unstated complement),99 unique YouTube videos on canine cancer topics,"This study described the characteristics of 99 unique videos and used the validated DISCERN quality criteria for consumer health information and the Patient Education Materials Assessment Tool (PEMAT) to characterize their usefulness. The overall median DISCERN quality score was 3 (out of 5), the me",1,False,True,low,abstract_only
2-s2.0-85193588807,SHARING,7.66,% of social-media engagement with the 40 most-engaged Polish COVID-19 items that accrued to items classified as misinformation,"3,194,900 social-media engagements (shares, comments, likes/reactions) accrued by the top 40 Polish-language COVID-19 items","Four items assessed as misinformation accounted for 244,700 engagements, constituting 7.66 % of the TOP 40.",1,False,False,high,ok
2-s2.0-85194075145,EXPOSURE,13,"% of the news posts appearing in users' Facebook feeds that came from 'under-the-radar' news sources (sites claiming to be news outlets but unvetted by Media Bias Fact Check or NewsGuard, treated by t","143,129 news posts received in the Facebook feeds of 472 U.S. data donors between Nov 2020 and Feb 2021","On the other hand, 13% of news received by users are from under-the-radar news sources.",1,True,True,medium,ok
2-s2.0-85194733750,EXPOSURE,1.66,% of political news available to the average panelist from the accounts they follow that linked to fake news sources,"the political news content available to the average panelist from the accounts they follow (panel of 664,391 registered US voters; network analyses use the 641,144 panelists with complete network info",lute rates of 4.11% versus 1.66%). Supersharers,2,False,True,medium,ok
2-s2.0-85194733750,REACH,5.2,% of registered voters on Twitter who directly follow at least one fake-news supersharer,"641,144 panelists (registered US voters on Twitter) for whom complete network information was available",a sizable 5.2% of registered voters on the platform.,2,False,True,medium,ok
2-s2.0-85194880315,RECALL,15,% of respondents who encounter fake news practically every day,"1,000 residents aged 18+ of the Republic of Mordovia, Russia (quota sample)",Практически ежедневно 15,2,True,False,high,ok
2-s2.0-85194880315,RECALL,58,% of respondents naming social networks as where they most often encountered fake news in the past year,"1,000 residents aged 18+ of the Republic of Mordovia, Russia (quota sample); multiple-response question","Прямой вопрос о том, где опрошенные чаще всего за последний год сталкивались в выдуманными, фейковыми новостями, показывает, что основным каналом их распространения являются социальные сети (58 %).",2,False,False,medium,ok
2-s2.0-85194880315,RECALL,33,% of respondents naming internet publications as where they most often encountered fake news in the past year,"1,000 residents aged 18+ of the Republic of Mordovia, Russia (quota sample); multiple-response question","Далее с большим отставанием располагаются интернет-издания (33 %), телевидение (27 %) и телеграм-каналы (21 %) (таблица 5).",2,False,False,medium,ok
2-s2.0-85194880315,RECALL,27,% of respondents naming television as where they most often encountered fake news in the past year,"1,000 residents aged 18+ of the Republic of Mordovia, Russia (quota sample); multiple-response question","Далее с большим отставанием располагаются интернет-издания (33 %), телевидение (27 %) и телеграм-каналы (21 %) (таблица 5).",2,False,False,medium,ok
2-s2.0-85194880315,RECALL,21,% of respondents naming Telegram channels as where they most often encountered fake news in the past year,"1,000 residents aged 18+ of the Republic of Mordovia, Russia (quota sample); multiple-response question","Далее с большим отставанием располагаются интернет-издания (33 %), телевидение (27 %) и телеграм-каналы (21 %) (таблица 5).",2,False,False,medium,ok
2-s2.0-85194880315,RECALL,10,"% of respondents who heard fake news from friends, acquaintances or relatives in the past year","1,000 residents aged 18+ of the Republic of Mordovia, Russia (quota sample); multiple-response question","Обращает на себя внимание, что только лишь каждый десятый опрошенный (10 %) слышал фейковые новости от друзей, знакомых, родственников.",2,False,False,medium,ok
2-s2.0-85203845655,CONTENT,26,"% of digital news articles about ChatGPT coded as exhibiting an information disorder (mis-, dis- or mal-information)","78 Spanish-language digital news articles about ChatGPT (81 Google Alerts received 16 Jan-14 Feb 2023, 78 retained after inclusion criteria)","examinadas, esto es 20 informaciones o el 26% del total,",1,False,True,medium,ok
2-s2.0-85205142420,RECALL,29.2,% of respondents who say they receive news they believe to be false through WhatsApp or Telegram,"1,350 respondents per the Results wording ('de los encuestados')","son señaladas por el 29,2 % de los encuestados",4,False,False,medium,ok
2-s2.0-85205142420,RECALL,12.5,% of respondents who say they have received news they believe to be false through traditional news media,"1,350 respondents","la mayoría, aunque un 12,5 % de los encuestados ma",4,False,False,medium,ok
2-s2.0-85205688160,CONTENT,39,% of RIGHT-LEANING U.S. political image posts on Facebook pages and public groups that contained elements of misinformation,"514 right-leaning image posts within the random Overall Sample of 1,000 U.S. political image posts","We found 514 right-leaning image posts and 412 left-leaning posts in the sample. Disaggregating by partisanship, 39% (34.9%–43.1% at 95%) of right-leaning image posts contained elements of misinformation compared to only 5% (2.9%–7.1% at 95%) of left-leaning image posts.",4,False,False,high,ok
2-s2.0-85205688160,CONTENT,5,% of LEFT-LEANING U.S. political image posts on Facebook pages and public groups that contained elements of misinformation,"412 left-leaning image posts within the random Overall Sample of 1,000 U.S. political image posts","Disaggregating by partisanship, 39% (34.9%–43.1% at 95%) of right-leaning image posts contained elements of misinformation compared to only 5% (2.9%–7.1% at 95%) of left-leaning image posts.",4,False,False,high,ok
2-s2.0-85208681084,CONTENT,51.7,% of treatment-related TikTok lichen sclerosus videos that included nonevidence-based approaches,Treatment-related videos within the reviewed sample (treatment was the topic of 48% of videos; the count is not stated),"Evidence-based medicine was discussed in 71.7% of treatment-related videos, while 51.7% included nonevidence-based approaches, with a neutral or positive sentiment.",1,True,True,low,abstract_only
2-s2.0-85215303159,SHARING,11.4,% of all user interactions with vaccine-related content from Italian news sources that went to questionable-source content,"95,230,911 user interactions (the algebraic sum of all actions/reactions - likes, comments, shares etc.) with vaccine-related content from the 682 Italian news sources across the four platforms, 2016-","Questionable 161 7,567 (17.0%) 36,980 (83.0%) 44,547 (100%) 1,801,436 (16.5%) 9,097,338 (83.5%) 10,898,774 (100%) (23.6%) (31.7%) (11.2%) (12.6%) (33.6%) (10.1%) (11.4%)",2,False,False,high,ok
2-s2.0-85217197547,CONTENT,83.1,% of top hashtag posts on pediatric oral ties in which at least half of the information provided was misinformation (stricter threshold),"The same 71 unique posts relevant to pediatric tongue, lip or buccal ties",                   ≥50%                                      59 (83.1)                  18 (81.8)                    13 (81.3)                  28 (84.9),1,True,False,high,ok
2-s2.0-85217829893,SHARING,17,% of NON-political unique messages (repeated more than four times) identified as disinformation,The non-political unique messages repeated more than four times (159 = 501 unique messages minus 342 political ones); the paper does not state this denominator explicitly,El resultado muestra una frecuencia un poco más baja (17% versus 23%),1,False,False,low,ok
2-s2.0-86000670842,CONTENT,24,% of assessable nutrition TikTok posts rated completely inaccurate against evidence-based nutrition guidelines,"197 of the 250 sampled posts that were assessable for accuracy (53 presented nutrition content with no information, advice or commentary and were scored not assessable); the 250 were randomly drawn fr","Level of accuracy Total assessable 197 (100) 77,967 ± 230,155 430 ± 1222 25,265 ± 90,351 5651 ± 28,749 posts, n = 250 Completely 33 (17) 71,589 ± 170,493 240 ± 392 31,051 ± 74,003 3444 ± 7348 accurate Mostly accurate, 72 (37) 108,391 ± 339,711 444 ± 981 29,322 ± 131,744 6444 ± 41,677 some inaccuraci",3,False,False,medium,ok
2-s2.0-86000670842,CONTENT,23,% of assessable nutrition TikTok posts rated mostly inaccurate (some accuracies) against evidence-based nutrition guidelines,197 of the 250 sampled posts that were assessable for accuracy,"Mostly inaccurate, 45 (23) 55,630 ± 105,342 513 ± 1158 17,260 ± 40,329 5268 ± 16,864 some inaccuracies",3,True,False,medium,ok
2603.11058,CONTENT,10.9,"% of ALL annotated French-language social-media posts (view-weighted sample, six platforms pooled) labelled mis/disinformation (P_total, baseline)","2,947 annotated French-language posts (view-weighted random sample of 500 posts per platform per country, six platforms, after removing posts labelled Deleted)",French 10.9 [9.8–12.1] 12.8 [12.2–13.4] 11.0 [8.8–13.7] 12.9 [10.9–15.6],10,True,False,high,ok
2603.11058,CONTENT,3.5,"% of ALL annotated Polish-language social-media posts (view-weighted sample, six platforms pooled) labelled mis/disinformation (P_total, baseline)","2,972 annotated Polish-language posts (view-weighted random sample of 500 posts per platform per country, six platforms, after removing posts labelled Deleted)",Polish 3.5 [2.9–4.3] 3.9 [3.6–4.2] 3.4 [2.0–4.6] 3.8 [2.2–5.0],10,True,False,high,ok
2603.11058,CONTENT,2.4,"% of ALL annotated Spanish-language social-media posts (view-weighted sample, six platforms pooled) labelled mis/disinformation (P_total, baseline)","2,940 annotated Spanish-language posts (view-weighted random sample of 500 posts per platform per country, six platforms, after removing posts labelled Deleted)",Spanish 2.4 [1.9–3.0] 2.4 [1.9–2.8] 2.6 [1.8–4.2] 2.4 [1.7–3.7],10,True,False,high,ok
2603.11058,CONTENT,4.4,"% of ALL annotated Instagram posts (view-weighted sample, four countries pooled) labelled mis/disinformation (P_total, baseline)","Approximately 2,000 annotated Instagram posts (view-weighted random sample of 500 per country x four countries, after removing posts labelled Deleted)",Instagram 4.4 [3.5–5.3] 5.2 [4.9–5.6] 4.4 [3.5–5.3] 5.2 [4.3–6.2],10,True,False,high,ok
2603.11058,CONTENT,0.7,"% of ALL annotated LinkedIn posts (view-weighted sample, four countries pooled) labelled mis/disinformation (P_total, baseline)","Approximately 2,000 annotated LinkedIn posts (view-weighted random sample of 500 per country x four countries, after removing posts labelled Deleted)",LinkedIn 0.7 [0.4–1.1] 0.9 [0.7–1.1] 0.7 [0.3–1.0] 0.9 [0.5–1.3],10,True,False,high,ok
2603.11058,CONTENT,11.2,"% of ALL annotated TikTok posts (view-weighted sample, four countries pooled) labelled mis/disinformation (P_total, baseline)","Approximately 2,000 annotated TikTok posts (view-weighted random sample of 500 per country x four countries, after removing posts labelled Deleted)",TikTok 11.2 [9.9–12.7] 11.7 [11.0–12.4] 10.6 [6.1–13.2] 11.4 [7.5–14.2],10,True,False,high,ok
2603.11058,CONTENT,3.8,"% of ALL annotated YouTube posts (view-weighted sample, four countries pooled) labelled mis/disinformation (P_total, baseline)","Approximately 2,000 annotated YouTube posts (view-weighted random sample of 500 per country x four countries, after removing posts labelled Deleted)",YouTube 3.8 [3.0–4.7] 4.6 [4.1–5.1] 3.8 [2.5–5.5] 4.6 [3.2–6.2],10,True,False,high,ok
NEW-bergeronboutin-sciadv2026,CONCENTRATION,75.9,% of all exposure to untrustworthy-source content accounted for by the top 20% of Facebook users by such exposure,All exposure to content from untrustworthy sources among US adult monthly active Facebook users,"Among Facebook users, the top 20% of users by untrustworthy source exposure were responsible for 75.9%",3,True,False,high,ok
NEW-bergeronboutin-sciadv2026,CONCENTRATION,90.1,% of all exposure to untrustworthy-source content accounted for by the top 20% of Instagram users by such exposure,All exposure to content from untrustworthy sources among US adult monthly active Instagram users,the top 20% of Instagram users were responsible for 90.1%,3,True,False,high,ok
NEW-bergeronboutin-sciadv2026,CONCENTRATION,74,% of all views of untrustworthy-Page content accounted for by the top 0.5% of untrustworthy Pages,All views by US adult Facebook users of content from untrustworthy Pages,"As Fig. 2 shows, the top 0.5% of untrustworthy Pages by total views (235 Pages) were responsible for 74% of total exposure to untrustworthy Page content.",3,False,False,high,ok
NEW-bergeronboutin-sciadv2026,CONCENTRATION,70,% of all views of untrustworthy-domain content accounted for by the top 0.5% of untrustworthy domains,All views by US adult Facebook users of content linking to untrustworthy domains,"Similarly, the top 0.5% of untrustworthy domains (13 domains) were responsible for 70% of total exposure.",3,False,False,high,ok
NEW-bergeronboutin-sciadv2026,CONCENTRATION,46,% of all views of untrustworthy-group content accounted for by the top 0.5% of untrustworthy groups,All views by US adult Facebook users of content from untrustworthy groups,"Concentration is somewhat lower among groups, where the top 0.5% (199 groups) were responsible for 46%",3,False,False,high,ok
NEW-jadara-2022,RECALL,22,% of respondents who say they have read COVID-19 information that turned out to be misinformation MANY TIMES (5 or more occasions) - high-frequency threshold,"6,910 valid respondents in Jordan, Lebanon, Palestine and Syria","43.6% saw a few times (2-4), 22% Many times (5 or more), and 16% just Once a time.",1,True,False,high,ok
OA-W3091627927,CONTENT,0.001,% of Italian Covid-19 tweets containing a URL to a blacklisted fake-news website,"7,237,581 Italian-language Covid-19 tweets (containing 1,103,184 URLs in total)","Su 7.237.581 tweet raccolti, solo 75 contengono Url che rimandano a fake news, mentre un residuale 1,44 % tratta di argomenti legati a notizie false nel corpo del testo.",1,True,False,medium,ok
OA-W4281924559,CONTENT,47.5,% of the most-shared Twitter news articles on ALTERNATIVE COVID-19 TREATMENTS whose titles contained misinformation,"40 most-shared English-language news article links on alternative COVID-19 treatments (top 10 per window x 4 windows), retrieved with a long Boolean drug-name keyword string (Table 1)","A total of 19 articles (47.5%) were deemed to have contained misinformation, while 7 articles (17.5%) could not be assessed based on the title alone or due to insufficient credible sources for comparison.",1,False,False,medium,ok
OA-W4281924559,CONTENT,20.0,% of the most-shared Twitter news articles on COVID-19 TRANSMISSION whose titles contained misinformation,40 most-shared English-language news article links on COVID-19 transmission (top 10 per window x 4 windows),"Misinformation regarding COVID-19 transmission mostly occurred in the first (n = 3) and third time periods (n = 3). A total of 8 articles (20.0%) contained misinformation, while 9 articles (22.5%) could not be assessed based on the title alone or due to insufficient credible sources for comparison.",1,False,False,medium,ok
OA-W4281924559,CONTENT,8.8,% of the most-shared Twitter news articles on COVID-19 VACCINES whose titles contained misinformation,34 most-shared English-language news article links on COVID-19 vaccines (only 4 articles were available in the first window because of the lack of vaccine coverage then),"Three articles (8.8%) contained misinformation, while 4 articles (11.8%) could not be assessed based on the title alone or due to insufficient credible sources for comparison.",1,False,False,medium,ok
OA-W4281924559,SHARING,69.1,% of Twitter shares/engagements with alternative-COVID-19-treatment news articles that went to articles containing misinformation,"617,920 total Twitter shares/engagements accumulated by the 40 most-shared alternative-COVID-19-treatment news articles across all four windows (BuzzSumo; the methods define engagements as likes, shar","Twitter shares across all time periods. However, 427,274",1,False,False,medium,ok
OA-W4281924559,SHARING,20.4,% of Twitter shares/engagements with COVID-19 transmission news articles that went to articles containing misinformation,"127,977 total Twitter shares/engagements accumulated by the 40 most-shared COVID-19-transmission news articles across all four windows","for COVID-19 transmission, 26,063 shares originated from articles containing misinformation.",1,False,False,medium,ok
OA-W4281924559,SHARING,4.8,% of Twitter shares/engagements with COVID-19 vaccine news articles that went to articles containing misinformation,"13,035 total Twitter shares/engagements accumulated by the 34 most-shared COVID-19-vaccine news articles across all four windows","shares across all time periods. For this topic, only 621 shares",1,False,False,medium,ok
OA-W4407797130,RECALL,85.13,% of respondents who report having heard disinformation narrative N6 (The COVID-19 pandemic was artificially caused by the West) before,"800 Serbian online respondents aged 18-74 (GESOP panel, interlocked quotas by sex, age and zone of residence)",32.75 85.13 63.38,4,False,False,high,ok
OA-W4407797130,RECALL,44.75,% of respondents who report having heard disinformation narrative N1 (Russian economic assistance to Serbia is larger than the support from the EU) before,"800 Serbian online respondents aged 18-74 (GESOP panel, interlocked quotas by sex, age and zone of residence)",Agree 44.75 Heard the narrative: YES,4,False,False,high,ok
PMID-33304681,CONTENT,32.2,% of COVID-19-related Facebook posts classified as misinformation (content that could easily be rebutted using WHO or CDC guidance),"454 English-language Facebook posts with at least 10 likes, returned by searches on 17 COVID-19 hashtags from a newly created account, 14-16 July 2020","In total, 146 posts (22.3%) included misinformation, 128 (19.6%) included unverifiable information and 180 (27.5%) include correct information verified by WHO or CDC",1,False,False,medium,ok
PMID-42295743,CONTENT,18.1,% of epilepsy short-form videos (three platforms pooled) classified as containing disinformation or misinformation,"562 epilepsy videos retained after exclusions (from 750 URLs, 250 per platform; 73 unavailable, 114 excluded as off-topic, duplicate or animal-only)",A total of 102 videos (18.1%; 95% CI: 14.9–21.3) were clas- sified as containing disinformation or misinformation.,3,False,False,high,ok
SEED-allcott2017,RECALL,14,% of US adults who recalled seeing invented placebo fake news headlines that never circulated (false-recall benchmark),"1,208 US adults aged 18+ surveyed online (SurveyMonkey Audience Panel), weighted for national representativeness; each respondent saw 3 randomly assigned Placebo headlines","By comparison, about 14 percent of people report seeing the placebo stories, and about 8 percent report seeing and believing them.",3,True,True,high,ok
SEED-cordonnier2021,REACH,9.4,% of tracked panellists who visited at least one source of generic (political/social) disinformation during the 30-day period,"All 2,372 tracked panellists (Respondi French Access panel, representative of the French population aged 18+)","Lastly, it is interesting to note that only 9.4% of all study participants visited sources of generic disinformation.",3,True,False,high,ok
SEED-cordonnier2021,REACH,18.5,% of surveyed panellists who visited at least one source of health-related disinformation during the 30-day period,"1,614 of the 2,372 tracked panellists — those who also completed the end-of-study survey","completed the end-of-study survey, 298 (18.5%) visited a source of health-related disinformation at least once.",3,True,False,high,ok
SEED-cordonnier2021,REACH,30.4,% of surveyed panellists who visited at least one 'click-bait' source during the 30-day period,"1,614 of the 2,372 tracked panellists — those who also completed the end-of-study survey","Of the 1,614 participants who complete the end-of-study survey, 491 (30.4%) visited a source of “click-bait” at least once.",3,True,True,medium,ok
W2901308345,CONTENT,1.51,% of crowd-sourced financial news articles classified as fake by the authors' calibrated LIWC-authenticity probability model (P(fake) > 20%),"all articles the authors downloaded from the two platforms: 203,545 Seeking Alpha articles (2005-2015) plus 147,916 Motley Fool articles (2009-2014)","Number of articles 171 334 5,301 195,232 150,928",2,False,True,low,ok
W3033912864,REACH,3.79,% of U.S. English-speaking retweeters in the COVID-19 corpus who retweeted at least one 'fake news' site URL,"2,088,187 English-speaking users assigned to the United States who retweeted at least one tweet in the COVID-19 corpus (49.88% of all English retweeters)","we can see that 3.79% of users in United States have at least retweeted one tweet with “fake news” URLs, which is much higher than the average",2,True,False,medium,ok
W3129222959,SHARING,9.1,"% of ALL classified URLs shared in German election-hashtag tweets that came from junk news sources (wider denominator, including non-political, social-media and inaccessible links)","11,646 URLs shared in tweets carrying German election hashtags and classified by the team (first URL per tweet, tweet-to-tweet links removed)","Other Political News and Information Junk News 1,055 Other Political 940 Citizen or Civil Society 719 Humor or Entertainment 378 Russia 130 Religion 55 Subtotal 3,277",1,True,False,medium,ok
W3138656580,EXPOSURE,43.00,% of the cumulative views of the 100 trending #covidvaccine videos that went to videos falsely claiming vaccine availability,"35,338,600 cumulative views garnered by the 100 trending #covidvaccine TikTok videos","Falsely Claims Vaccine Availability for Public Uptake 31 15,195,600 43.00% 2,070,254 38.03% 53,300 44.79%",1,False,True,high,ok
W3138656580,CONTENT,3,% of trending #covidvaccine TikTok videos claiming that the COVID-19 vaccine is a hoax,100 trending TikTok videos identified from the hashtag #covidvaccine,"Vaccine is a Hoax 3 296,900 0.84% 40,330 0.74% 1,583 1.33%",1,True,False,high,ok
W3138656580,CONTENT,3,% of trending #covidvaccine TikTok videos claiming that COVID-19 is a hoax,100 trending TikTok videos identified from the hashtag #covidvaccine,"COVID is a Hoax 3 251,500 0.71% 25,191 0.46% 1,337 1.12%",1,True,False,high,ok
W3189543626,EXPOSURE,1.07,% of all views of the corpus that went to videos containing hoaxes or conspiracy theories,"57,390,500 views accumulated by the 118 most-viewed Spanish-language YouTube videos on COVID-19 vaccines (as counted on 9 February 2021)","The total amount of views for all videos summed up to 57,390,500 (median [range]: 318,311.5 [150,015–3,975,728]).",1,False,False,medium,ok
W4293124965,SHARING,20.31,% of all Facebook engagement with news outlets in US accumulated by generally untrustworthy news outlets (NewsGuard score <= 60),"all engagement (likes, emojis, shares, comments) on the posts of NewsGuard-rated news outlets' Facebook pages in US in 2020; country-year totals are not printed - the four-country dataset covers 54B F","US  UK France Germany 
Web traffic 
2019 3.22% 0.13% 5.73% 0.93% 
2020 3.42% 0.097% 4.55% 1.07% 
2017-2021 3.36% 0.10% 4.43% 0.97% 
Facebook 
engagement 
2019 17.42% 3.11% 25.11% 7.45% 
2020 20.31% 2.11% 24.75% 8.72% 
2017-2021 18.52% 2.44% 23.00% 8.52%",16,False,False,high,ok
W4293124965,SHARING,5.77,% of all Facebook engagement with news outlets in US accumulated by news outlets repeatedly publishing false content (NewsGuard),"all engagement (likes, emojis, shares, comments) on the posts of NewsGuard-rated news outlets' Facebook pages in US in 2020; country-year totals are not printed - the four-country dataset covers 54B F","US  UK France Germany 
Web traffic 
2019 0.94% 0.025% 4.53% 0.91% 
2020 0.93% 0.016% 3.23% 1.06% 
2017-2021 0.97% 0.018% 3.30% 0.96% 
Facebook 
engagement 
2019 4.30% 1.37% 15.78% 7.31% 
2020 5.77% 0.85% 11.99% 8.42% 
2017-2021 4.66% 0.88% 13.35% 8.05%",16,True,False,high,ok
W4293124965,SHARING,24.75,% of all Facebook engagement with news outlets in France accumulated by generally untrustworthy news outlets (NewsGuard score <= 60),"all engagement (likes, emojis, shares, comments) on the posts of NewsGuard-rated news outlets' Facebook pages in France in 2020; country-year totals are not printed - the four-country dataset covers 5","US  UK France Germany 
Web traffic 
2019 3.22% 0.13% 5.73% 0.93% 
2020 3.42% 0.097% 4.55% 1.07% 
2017-2021 3.36% 0.10% 4.43% 0.97% 
Facebook 
engagement 
2019 17.42% 3.11% 25.11% 7.45% 
2020 20.31% 2.11% 24.75% 8.72% 
2017-2021 18.52% 2.44% 23.00% 8.52%",16,False,False,high,ok
W4293124965,SHARING,11.99,% of all Facebook engagement with news outlets in France accumulated by news outlets repeatedly publishing false content (NewsGuard),"all engagement (likes, emojis, shares, comments) on the posts of NewsGuard-rated news outlets' Facebook pages in France in 2020; country-year totals are not printed - the four-country dataset covers 5","US  UK France Germany 
Web traffic 
2019 0.94% 0.025% 4.53% 0.91% 
2020 0.93% 0.016% 3.23% 1.06% 
2017-2021 0.97% 0.018% 3.30% 0.96% 
Facebook 
engagement 
2019 4.30% 1.37% 15.78% 7.31% 
2020 5.77% 0.85% 11.99% 8.42% 
2017-2021 4.66% 0.88% 13.35% 8.05%",16,True,False,high,ok
W4306964957,SHARING,15.4497,"% of political leaders who shared misinformation at least once, text-based (fact-check matching) approach","945 Brazilian political leaders (president, vice-president, cabinet members, governors, vice-governors, federal deputies, senators, and 2020 mayoral candidates in all state capitals) with public socia",Detection Total Pct. of Politicians Pct. of Posts from Politicians Approach Identified Sharing False News Sharing False News Text 421 15.4497 0.0104,2,False,False,high,ok
W4306964957,SHARING,50.582,"% of political leaders who shared misinformation at least once, domain-based (root-domain list) approach",945 Brazilian political leaders with public social media accounts,whereas the domain approach finds that at least 50% (478) of politicians have done so.,2,True,False,high,ok
W4306964957,SHARING,1.4815,"% of political leaders who shared misinformation at least once, Facebook-URL (exact URL) approach",945 Brazilian political leaders with public social media accounts,"In contrast to these two approaches, Facebook’s URL approach find that 1.48% (14) of politicians have shared misinformation at least once.",2,True,False,high,ok
W4393231882,CONTENT,17.1,% of randomly drawn Finnish original tweets hand-labelled by native-speaker annotators as containing misinformation,"4,150 tweets chosen at random from the same corpus subject to three inclusion criteria: written in Finnish, not a retweet, and longer than 30 characters","From 4150 tweets, the manual annotation labels 1118 (0.27%) tweets with NSV and 709 (0.17%) tweets",1,False,False,medium,ok
W4407878374,CONTENT,7.4,% of hand-labelled Norwegian COVID-19 tweets (retweets excluded) coded as containing misinformation,994 tweets drawn by stratified random sampling (25-30 per month of publication) from the Norwegian COVID-19 corpus after removing retweets,"After this annotation process, the manually 
labeled sample consisted of 920 tweets classified as not containing any misinforma-
tion, and 74 tweets classified as containing misinformation.",2,True,False,medium,ok
W7165134935,CONTENT,2.4,% of the most-viewed sunscreen-related TikTok videos containing BROAD critique of sunscreen as such - that it causes health harms or prevents the benefits of sun exposure (stricter definition: exclude,The same 971 most-viewed English-caption sunscreen TikTok videos,"A total of (n = 23, 2.4%) TikToks included broad critique about sunscreen (not product specific) on grounds that it either prevented health benefits (n = 12, 1.2%) or caused health harms (n = 15, 1.5%) (Table 1 and Box 1).",1,True,False,high,ok
W7165134935,CONTENT,1.6,"% of the most-viewed sunscreen-related TikTok videos that carried health-risk critique WITHOUT any sunscreen promotion, i.e. categorically dissuading sunscreen use (strictest definition)",The same 971 most-viewed English-caption sunscreen TikTok videos,"There was a total of (n = 16, 1.6%) TikToks that only detailed health risk 
concerns around sunscreen without also including sunscreen benefits (Table 1).",1,True,False,high,ok
