row_key,item_id,text_file,year,our_measure_type,our_value_pct,our_value_raw,our_denominator,our_construct,our_source_quote,YOUR_verdict,YOUR_value_pct,YOUR_quote,YOUR_note
2-s2.0-85127315618#104,2-s2.0-85127315618,texts/2-s2.0-85127315618.txt,2020,% of Turkish YouTube diabetic-foot-care videos that contained misleading information,4.6,4.6% contained misleading information (4.6% of 87 videos = 4 videos),"87 Turkish-language YouTube videos on diabetic foot care retained from the 200 videos returned by the keyword search (exclusions: not about diabetic foot care, no audio, advertising content, duplicates, not in Turkish, herbal products)",CONTENT,"6.9% not useful, while 4.6% contained misleading information.",CORRECT,4.6,"6.9% not useful, while 4.6% contained misleading information.","Checked against the cited passage; value, denominator and construct match."
2-s2.0-85123882276#92,2-s2.0-85123882276,texts/2-s2.0-85123882276.txt,2021,% of the most-engaged transgender-fertility article links graded misleading or inaccurate,25,"Across both the time periods, 75% of the article links were accurate and 25% misleading (20 article links)",20 article links: the top 10 most-engaged 'transgender fertility' article links in each of two 12-month periods (June 2019-June 2020 and June 2020-June 2021),CONTENT,"Across both the time periods, 75% of the article links were accurate and 25% misleading.",CORRECT,25,"Across both the time periods, 75% of the article links were accurate and 25% misleading.","Checked against the cited passage; value, denominator and construct match."
2-s2.0-85121464977#86,2-s2.0-85121464977,texts/2-s2.0-85121464977.txt,2021,% of YouTube videos on donning and doffing of PPE judged to contain inaccuracies against CDC recommendations,62.5,90 (62.5%) videos contained inaccuracies; 90 of 144 eligible videos,"144 English-language YouTube videos on donning and doffing of PPE eligible for analysis, drawn from the first 50 results for each of 40 keyword combinations (2,000 screened)",CONTENT,"According to misinformation tool, 90 (62.5%) videos contained inaccuracies. [Discussion:] Third, we recorded inaccurate contents in 90 videos (62.5%), according to the misinformation tool based on the CDC recommendations. Specifically, the main inaccuracy reason was the incomplete presentation of data.",CORRECT,62.5,"According to misinformation tool, 90 (62.5%) videos contained inaccuracies.","Checked against the cited passage; value, denominator and construct match."
2-s2.0-85201115057#146,2-s2.0-85201115057,texts/2-s2.0-85201115057.txt,2019,% of respondents in latent class 6 who report having ever shared a political news story online that they thought at the time was made up (intentional sharing),29.23,"29.23% (class 6, N = 65)","65 Polish active Facebook news users in latent class 6 (""Low level of SM literacy and lowest level of SM use""); total sample 1,000 recruited from the largest Polish research panel",RECALL,                         6               29.23%                  50.77%,CORRECT,29.23,"6               29.23%                  50.77%","Checked against the cited passage; value, denominator and construct match."
2-s2.0-105009546063#6,2-s2.0-105009546063,texts/2-s2.0-105009546063.txt,2024,% of respondents who had heard the right-leaning conspiracy theory who reported seeing it on television,28,28% saw it on television,"Respondents who had heard the right-leaning conspiracy theory (41% of the 2,765-person sample; unweighted n = 1,081)",RECALL,"this information on social media, 28% saw it on television, and 32% reported hearing it from interpersonal social networks (see Fig. 2 and Supporting Information).",CORRECT,28,"this information on social media, 28% saw it on television, and 32% reported hearing it from interpersonal social networks (see Fig. 2 and Supporting Information).","Checked against the cited passage; value, denominator and construct match."
2-s2.0-85160008311#127,2-s2.0-85160008311,texts/2-s2.0-85160008311.txt,2020,% of COVID-19 data-visualisation tweets promoting alternative measures or medications that contain at least one reasoning error (the paper's definition of a misleading tweet),97.1,"Any reasoning error, Alternative measures: 66 (97.1%)","68 English-language original tweets containing a COVID-19 data visualisation whose text promotes alternative measures and medications (primarily hydroxychloroquine and ivermectin), out of 9,958 manually coded COVID-19 visualisation tweets",CONTENT,Any reasoning error                                  321      62.1%       904        94.8%            66       97.1%,CORRECT,97.1,"Any reasoning error                                  321      62.1%       904        94.8%            66       97.1%","Checked against the cited passage; value, denominator and construct match."
2-s2.0-84903975957#36,2-s2.0-84903975957,texts/2-s2.0-84903975957.txt,2013,% of surveyed university students who said they had seen other people share misinformation on social media,94.7,"n = 162, 94.7% of 171 respondents","171 university students under 30 who use social media, recruited by convenience sampling on the campuses of two universities",RECALL,"respondents (n = 162, 94.7%) said that they had seen other",CORRECT,94.7,"respondents (n = 162, 94.7%) said that they had seen other","Checked against the cited passage; value, denominator and construct match."
2-s2.0-85161897232#128,2-s2.0-85161897232,texts/2-s2.0-85161897232.txt,2020,"% of respondents who believed they encountered COVID-19 misinformation 'sometimes, a lot, or quite a lot'",55,55% (n=1010) of 1823,"1,823 adult residents of Ontario, Canada, recruited as a convenience sample via a market research panel (Canadian Viewpoint) and web/social media ads",RECALL,"Of the study sample, 55% (n=1010) believed that they encountered misinformation “sometimes, a lot, or quite a lot.”",CORRECT,55,"Approximately 55% (n=1010) of the participants believed they had encountered COVID-19–related misinformation;","Checked against the cited passage; value, denominator and construct match."
2-s2.0-85089119559#49,2-s2.0-85089119559,texts/2-s2.0-85089119559.txt,2020,% of smart assistant responses to HPV vaccine queries containing at least one instance of misinformation,17.5,18 out of 103 (17.5%),"103 analysable responses returned on the first result page by three smart assistants (Siri, Alexa, Cortana) to 10 HPV vaccine questions, after excluding nonresponses and off-topic responses from 128 total data points",CONTENT,Misinformation provided? (Yes)                          18/103 (17.5%),CORRECT,17.5,"Misinformation provided? (Yes)                          18/103 (17.5%)","Checked against the cited passage; value, denominator and construct match."
2-s2.0-85188840472#137,2-s2.0-85188840472,texts/2-s2.0-85188840472.txt,2019,% of syphilis tweets categorised as a medical resource that were judged medically incorrect,14,240 of 1762 tweets (14%) deemed medically incorrect; 1484 (84%) medically correct; 38 (2%) accuracy could not be determined,"1,762 tweets categorised as a medical resource, from a systematic 10% sample (n = 11,113) of the 111,388 English-language tweets containing the word 'syphilis' posted on Twitter in 2019",CONTENT,"Of 1762 tweets (16%) categorised as a medical resource, 1484 (84%) were medically correct and 240 (14%) were medically incorrect; for 38 (2%), medical accuracy could not be judged from the information posted.",CORRECT,14,"Of 1762 tweets (16%) categorised as a medical resource, 1484 (84%) were medically correct and 240 (14%) were medically incorrect; for 38 (2%), medical accuracy could not be judged from the information posted.","Checked against the cited passage; value, denominator and construct match."
2-s2.0-85141611104#111,2-s2.0-85141611104,texts/2-s2.0-85141611104.txt,2022,% of university students who say media outlets distribute fake news at least sometimes (Sometimes/Frequently/Always on a 5-point never-to-always scale),50,"50% of the sample (Sometimes, 25.7%; Frequently, 19%; Always, 5.4%; Rarely 41.6%; Never 8.3%; N = 849)","849 university students from two faculties (Communication and Education) of a Spanish university, convenience sample, M age 26.8",RECALL,"The distribution of fake news associated with media outlets was perceived for the total of the sample, as shown in Figure 4 (M = 2.72; SD = 1.037). General data show that a concerning 50% of the sample associated fake news with media outlets in different levels (Sometimes, 25.7%; Frequently, 19%, and Always, 5.4%).",CORRECT,50,"General data show that a concerning 50% of the sample associated fake news with media outlets in different levels (Sometimes, 25.7%; Frequently, 19%, and Always, 5.4%).","Checked against the cited passage; value, denominator and construct match."
2-s2.0-0032975127#0,2-s2.0-0032975127,texts/2-s2.0-0032975127.txt,1996,% of forum responses containing objectively inaccurate statements of fact,6,6% of the posts; 21 inaccurate responses of 342 responses reviewed,342 responses made to a systematic sample of 155 primary posts on the MGH Neurology Epilepsy Webforum,CONTENT,"Six percent of the information was objectively inaccurate. The Web can serve as an effective means for the exchange of information between individuals with a common medical condition. [Results, p. 32:] Inaccurate statements of fact were present in 6% of the posts. Of the 21 inaccurate responses that were reviewed, six were made by care-givers, nine by patients, one by a health professional, and five were presented by individuals who did not identify themselves.",CORRECT,6,"Six percent of the information was objectively inaccurate.","Checked against the cited passage; value, denominator and construct match."
2-s2.0-85170646255#130,2-s2.0-85170646255,texts/2-s2.0-85170646255.txt,2022,% of overactive-bladder TikTok videos rated high misinformation (score >3 on a 5-point misinformation scale vs clinical guidelines),22.8,High misinformation (score >3): TikTok 22.8% (of 136 videos); abstract states 'Twenty-three percent of TikTok ... videos had high misinformation (score >3)',136 English-language TikTok videos with the hashtag #overactivebladder meeting inclusion criteria (from the last 500 retrieved via the TikTok API),CONTENT,Twenty-three percent of TikTok and 11% of YouTube videos had high misinformation (score >3).,CORRECT,22.8,"Twenty-three percent of TikTok and 11% of YouTube videos had high misinformation (score >3).","Checked against the cited passage; value, denominator and construct match."
2-s2.0-105021733739#11,2-s2.0-105021733739,texts/2-s2.0-105021733739.txt,2019,"% of links posted on 4chan /pol/ whose host domain was coded as junk news (conspiracy, propaganda or sensationalist)",32,32% of links posted falling under the category in the first time period,"Links posted in U.S.-flagged posts on 4chan /pol/ between 11 January 2019 and 25 March 2020, restricted to host domains appearing over 400 times (182 websites coded)",SHARING,"On 4chan, the presence of junk news remained relatively stable across our datasets, with 32% of links posted falling under the category in the first time period and 31% of websites in the second time period.",CORRECT,32,"On 4chan, the presence of junk news remained relatively stable across our datasets, with 32% of links posted falling under the category in the first time period and 31% of websites in the second time period.","Checked against the cited passage; value, denominator and construct match."
2-s2.0-85104228138#66,2-s2.0-85104228138,texts/2-s2.0-85104228138.txt,2020,% of US adult social media users who report seeing someone else sharing COVID-19 misinformation on social media in the past week,56.6,56.6%,"1,043 US adults who report using at least one social media site regularly (Lucid Academic quota panel, weighted; N = 588 answered yes)",RECALL,"19 on social media in the past week (56.6%), while a third",CORRECT,56.6,"19 on social media in the past week (56.6%), while a third","Checked against the cited passage; value, denominator and construct match."
2-s2.0-85101873459#64,2-s2.0-85101873459,texts/2-s2.0-85101873459.txt,2019,% of the 20 most-engaged online articles about SB-201 rated misleading in factual accuracy,65,Sixty-five percent (13/20); Table 1 column total '65% Misleading / 35% Accurate',"20 unique articles: the top 10 by social engagement in each of two time windows, from BuzzSumo searches on 'SB 201', 'intersex', 'DSD' and 'surgery ban'",CONTENT,considered inaccurate. Sixty-five percent (13/20) were,CORRECT,65,"considered inaccurate. Sixty-five percent (13/20) were","Checked against the cited passage; value, denominator and construct match."
2-s2.0-85201115057#152,2-s2.0-85201115057,texts/2-s2.0-85201115057.txt,2019,% of respondents in latent class 6 who report having ever shared a political news story online that they later found out was made up (unintentional sharing),50.77,"50.77% (class 6, N = 65)","65 Polish active Facebook news users in latent class 6 (""Low level of SM literacy and lowest level of SM use""); total sample 1,000 recruited from the largest Polish research panel",RECALL,                         6               29.23%                  50.77%,CORRECT,50.77,"6               29.23%                  50.77%","Checked against the cited passage; value, denominator and construct match."
2-s2.0-85086160482#46,2-s2.0-85086160482,texts/2-s2.0-85086160482.txt,2020,"% of PAE-related consumer websites containing potentially misinformative, inaccurate, or non-evidence-based claims about PAE",28,14/50 (28%),"50 unique consumer-oriented websites about prostate artery embolization, from the first 20 results of each of 21 PAE-specific Google queries (420 results, 370 duplicates excluded)",CONTENT,"Contains misinformation, inaccuracies, or non-evidence-based claims                        14                               28%",CORRECT,28,"Contains misinformation, inaccuracies, or non-evidence-based claims                        14                               28%","Checked against the cited passage; value, denominator and construct match."
2-s2.0-105009546063#3,2-s2.0-105009546063,texts/2-s2.0-105009546063.txt,2024,% of survey respondents who had heard the left-leaning conspiracy theory that the attempted assassination was staged and not real,53,"Over half of the respondents (53%) were aware of the left-leaning conspiracy theory (belief subsample of those who had heard it: n = 1,348)","2,765 US adults, online nonprobability panel (PureSpectrum) with quotas for gender, race, age and region, poststratification-weighted to US Census benchmarks",RECALL,Over half of the respondents (53%) were aware of the left-,CORRECT,53,"Over half of the respondents (53%) were aware of the left-leaning conspiracy theory that the attempted assassination was staged and not real.","Checked against the cited passage; value, denominator and construct match."
2-s2.0-85201115057#150,2-s2.0-85201115057,texts/2-s2.0-85201115057.txt,2019,% of respondents in latent class 4 who report having ever shared a political news story online that they later found out was made up (unintentional sharing),28.30,"28.30% (class 4, N = 265)","265 Polish active Facebook news users in latent class 4 (""The most SM literate users""); total sample 1,000 recruited from the largest Polish research panel",RECALL,                         4               16.98%                  28.30%,CORRECT,28.30,"4               16.98%                  28.30%","Checked against the cited passage; value, denominator and construct match."
2-s2.0-85159326203#124,2-s2.0-85159326203,texts/2-s2.0-85159326203.txt,2020,% of college students who report that at least some of their friends share misinformation on social media,62.4,"n=224, 62.4% (Table 1: very few people 150 = 41.80%, many people 60 = 16.70%, everyone 14 = 3.90%; no one 135 = 37.60%)","359 valid respondents, college students in Rajasthan and Maharashtra, India",RECALL,"A majority of respondents (n=224, 62.4%) reported that their friends have shared misinformation sometimes on social media platforms (Table 1); the mean was 1.87 (SD = 0.82) on a 4-point scale (with 1 implying ""nobody"" and 4 implying ""everybody"").",CORRECT,62.4,"A majority of respondents (n=224, 62.4%) reported that their friends have shared misinformation sometimes on social media platforms (Table 1);","Checked against the cited passage; value, denominator and construct match."
2-s2.0-105024994777#14,2-s2.0-105024994777,texts/2-s2.0-105024994777.txt,2022,% of adult social media users who perceive A LOT of the health information they see on social media to be false or misleading (stricter variant),36,"A lot: raw n = 1358, raw 35%, weighted 36%","3,841 US adults aged 18+ who use social media (Health Information National Trends Survey 6, nationally representative, survey-weighted with jackknife replicate weights)",RECALL,A lot                                                                                                             1358      35%          36%,CORRECT,36,"A lot                                                                                                             1358      35%          36%","Checked against the cited passage; value, denominator and construct match."
2-s2.0-84863599686#33,2-s2.0-84863599686,texts/2-s2.0-84863599686.txt,2010,% of movies portraying schizophrenia that carried the specific false claim that love can cure schizophrenia,24,"The myth that love can cure schizophrenia was found in nearly one-fourth (N=10, 24%) of the movies.",41 English-language commercial movies released theatrically 1990-2010 featuring at least one main character with schizophrenia,CONTENT,"was significant in causation. Of movies alluding to or showing treat-ment, psychotropic medications were most commonly portrayed. ... The myth that love can cure schizophrenia was found in nearly one-fourth (N=10, 24%) of the movies.",CORRECT,24,"The myth that love can cure schizophrenia was found in nearly one-fourth (N=10, 24%) of the movies.","Checked against the cited passage; value, denominator and construct match."
2-s2.0-105021733739#12,2-s2.0-105021733739,texts/2-s2.0-105021733739.txt,2019,"% of links shared in U.S. political subreddits whose host domain was coded as junk news (conspiracy, propaganda or sensationalist)",17,17% of links shared fell under the category of junk news in our first dataset,"Links shared in the selected U.S.-national-politics subreddits between 11 January 2019 and 25 March 2020, restricted to host domains appearing over 2,000 times (204 websites coded)",SHARING,"while 17% of links shared fell under the category of junk news in our first dataset, it fell to about 4% in the second dataset, with propaganda making up little over 1% of links, sensationalist media counting 3%, and conspiracy a paltry 0.5%.",CORRECT,17,"while 17% of links shared fell under the category of junk news in our first dataset, it fell to about 4% in the second dataset, with propaganda making up little over 1% of links, sensationalist media counting 3%, and conspiracy a paltry 0.5%.","Checked against the cited passage; value, denominator and construct match."
2-s2.0-85097561204#56,2-s2.0-85097561204,texts/2-s2.0-85097561204.txt,2020,% of frontline healthcare workers who say they are affected by false news in the course of their professional activity,34,"34% (group split N1 = 43 affected vs N2 = 83 not affected, of 126)","126 frontline healthcare workers (32 nurses, 94 physicians) from the ICU and Emergency Departments of the County Emergency Clinical Hospital Pius Brinzeu, Timisoara, Romania",RECALL,"Regarding the specific questions related to the false news impact on the frontline medical staff, we obtained the following results: 34% of frontline healthcare workers answered yes to the question: “Are you affected by false news in the course of your professional activity?”.",CORRECT,34,"34% of frontline healthcare workers answered yes to the question: “Are you affected by false news in the course of your professional activity?”.","Checked against the cited passage; value, denominator and construct match."
2-s2.0-85133302916#108,2-s2.0-85133302916,texts/2-s2.0-85133302916.txt,2020,% of Covid-19 WhatsApp content units classified as misinformation (inaccurate or incorrect) after fact-checking,57.8,misinformation represented 57.8% (n = 134) of the overall sample; non-misinformation 42.2% (n = 98),"232 original (non-duplicate) Covid-19-related WhatsApp content units forwarded by users to the research account, out of 988 files received (756 were duplicates)",CONTENT,The results of the debunking process (Graph 1) revealed that non-misinformation represented 42.2% (n = 98) while misinformation represented 57.8% (n = 134) of the overall sample.,CORRECT,57.8,"The results of the debunking process (Graph 1) revealed that non-misinformation represented 42.2% (n = 98) while misinformation represented 57.8% (n = 134) of the overall sample.","Checked against the cited passage; value, denominator and construct match."
2-s2.0-105009546063#7,2-s2.0-105009546063,texts/2-s2.0-105009546063.txt,2024,% of respondents who had heard the left-leaning conspiracy theory who reported hearing it on social media,52,"Of those, 52% heard this idea on social media","Respondents who had heard the left-leaning conspiracy theory (53% of the 2,765-person sample; unweighted n = 1,348)",RECALL,"staged and not real. Of those, 52% heard this idea on social media, 34% learned it from interpersonal social networks, and 21% saw it on television (see Fig. 2 and Supporting Information).",CORRECT,52,"staged and not real. Of those, 52% heard this idea on social media, 34% learned it from interpersonal social networks, and 21% saw it on television (see Fig. 2 and Supporting Information).","Checked against the cited passage; value, denominator and construct match."
2-s2.0-85112780522#79,2-s2.0-85112780522,texts/2-s2.0-85112780522.txt,2020,% of practitioners reporting they 'often' or 'sometimes' encountered patient misinformation about the origin of COVID-19,54.1,"54.1%, 1139/2106","2,106 practitioners answering the COVID-19-origin misinformation frequency item",RECALL,"the topics of COVID-19 origin (54.1%, 1139/2106), treat-",CORRECT,54.1,"Misinformation was also relatively frequent (indicated as “often” or “sometimes” compared to “rarely” or never”) on the topics of COVID-19 origin (54.1%, 1139/2106), treat-","Checked against the cited passage; value, denominator and construct match."
2-s2.0-85175983241#133,2-s2.0-85175983241,texts/2-s2.0-85175983241.txt,2022,% of panel members who ever volunteered at least one COVID-19 claim they had heard in the past 7 days that was classified as misinformation,52.3,"112 panel members ever providing at least one open-ended response that was classified as misinformation, of 214 enrolled panel members (112/214)","214 enrolled panel members (adults living or working in St. Louis City/County, recruited through community partners, over one year)",RECALL,"Of the 1,136 assessable claims, 505 (44%) were classified as misinformation, with 112 panel members ever providing at least one open-ended response that was classified as misinformation.",CORRECT,52.3,"Of the 1,136 assessable claims, 505 (44%) were classified as misinformation, with 112 panel members ever providing at least one open-ended response that was classified as misinformation.","Checked against the cited passage; value, denominator and construct match."
2-s2.0-105026782770#21,2-s2.0-105026782770,texts/2-s2.0-105026782770.txt,2023,% of surveyed breast cancer patients who reported hearing misinformation about factors believed to DECREASE risk of progression or recurrence,54,542 (54%),997 US adults with a breast cancer diagnosis within the past 10 years who completed the survey (Breastcancer.org online sample),RECALL,Over half of patients (542 [54%]) reported hearing misinformation regarding factors believed to decrease risk of progression or recurrence—eating organic food was cited as the most frequent factor that decreases risk (409 [41%]).,CORRECT,54,"Over half of patients (542 [54%]) reported hearing misinformation regarding factors believed to decrease risk of progression or recurrence—eating organic food was cited as the most frequent factor that decreases risk (409 [41%]).","Checked against the cited passage; value, denominator and construct match."
2-s2.0-85148028260#117,2-s2.0-85148028260,texts/2-s2.0-85148028260.txt,2022,"% of citations of influential CMN-structure studies that were unsupported by the cited evidence, at the most recent point of the time series",25,rising to ~25% of all citations about CMN structure,All citations of the seven influential CMN-structure studies in the most recent year of the record; the full corpus screened was 593 citing papers,CONTENT,"We evaluated 593 papers citing seven influential studies on CMN structure and 1,083 papers citing 11 influential studies on CMN function (Supplementary Note 2). For both sets of studies, the rate of unsupported citations increased with time, rising to ~25% of all citations about CMN structure and almost 50% of citations about CMN function (Fig. 3).",CORRECT,25,"For both sets of studies, the rate of unsupported citations increased with time, rising to ~25% of all citations about CMN structure and almost 50% of citations about CMN function (Fig. 3).","Checked against the cited passage; value, denominator and construct match."
2-s2.0-85201115057#143,2-s2.0-85201115057,texts/2-s2.0-85201115057.txt,2019,% of respondents in latent class 3 who report having ever shared a political news story online that they thought at the time was made up (intentional sharing),7.94,"7.94% (class 3, N = 126)","126 Polish active Facebook news users in latent class 3 (""The least SM literate users with high self-esteem""); total sample 1,000 recruited from the largest Polish research panel",RECALL,                         3                7.94%                  11.90%,CORRECT,7.94,"3                7.94%                  11.90%","Checked against the cited passage; value, denominator and construct match."
2-s2.0-85126609259#101,2-s2.0-85126609259,texts/2-s2.0-85126609259.txt,2020,% of the top 20 news sites posted in liberal subreddits with a MediaBiasFactCheck factual rating of 'mixed' or lower,20,the equivalent number for liberal subreddits is 20%,the 20 most-posted news sites in the 6 liberal subreddits,SHARING,"reddits, 60% had mixed or lower factual ratings. In contrast, the equivalent number for liberal subreddits is 20%.",WRONG_CONSTRUCT,20,"In contrast, the equivalent number for liberal subreddits is 20%.","The 20% is the share of top news-site sources with mixed-or-lower factual ratings, not the share of links or sharing activity."
2-s2.0-85197220523#140,2-s2.0-85197220523,texts/2-s2.0-85197220523.txt,2023,% of patient-facing websites containing at least one statement incorrect against clinical guidelines,30.8,Twelve (31%) websites contained at least 1 incorrect statement; 12/39,"39 eligible English-language patient-facing websites about metastatic renal cell carcinoma treatment, screened from the first 25 links of 36 keyword permutations across 3 search engines (2,700 queries)",CONTENT,"Twelve (31%) websites had ≥1 incorrect statement, such as listing homeopathy or hormone therapy as mRCC treatment options, or including outdated statements.",CORRECT,30.8,"Twelve (31%) websites had ≥1 incorrect statement, such as listing homeopathy or hormone therapy as mRCC treatment options, or including outdated statements.","Checked against the cited passage; value, denominator and construct match."
2-s2.0-105012981781#10,2-s2.0-105012981781,texts/2-s2.0-105012981781.txt,2024,% of coded abortion-relevant YouTube comments containing potential misinformation about abortion or abortion policy,10.4,Potential misinformation 64 (10.4 %) of 619 relevant comments,619 abortion-relevant comments and replies from the top 20 comments (plus their replies) under the 15 YouTube clips that had more than 10 relevant comments,CONTENT,"The only other content category present in greater than 10 % of comments was potential misinformation about abortion (10.4 %, n = 64) (e.g. ""they don't show what happens after the abortion, which is sucking up your uterus…the baby fights for its life and is dismembered"").",CORRECT,10.4,"The only other content category present in greater than 10 % of comments was potential misinformation about abortion (10.4 %, n = 64) (e.g. ""they don't show what happens after the abortion, which is sucking up your uterus…the baby fights for its life and is dismembered"").","Checked against the cited passage; value, denominator and construct match."
2-s2.0-105026782770#19,2-s2.0-105026782770,texts/2-s2.0-105026782770.txt,2023,% of surveyed breast cancer patients who reported encountering misinformation about factors purported to influence cancer progression or recurrence risk,76,761/997 (76%),997 US adults with a breast cancer diagnosis within the past 10 years who completed the survey (Breastcancer.org online sample),RECALL,Most participants (761 [76%]) reported encountering misinformation about factors purported to influence cancer progression or recurrence risk.,CORRECT,76,"Most participants (761 [76%]) reported encountering misinformation about factors purported to influence cancer progression or recurrence risk.","Checked against the cited passage; value, denominator and construct match."
2-s2.0-85201115057#148,2-s2.0-85201115057,texts/2-s2.0-85201115057.txt,2019,% of respondents in latent class 2 who report having ever shared a political news story online that they later found out was made up (unintentional sharing),33.85,"33.85% (class 2, N = 65)","65 Polish active Facebook news users in latent class 2 (""The most educated users with SM literacy below average""); total sample 1,000 recruited from the largest Polish research panel",RECALL,                         2               26.15%                  33.85%,CORRECT,33.85,"2               26.15%                  33.85%","Checked against the cited passage; value, denominator and construct match."
2-s2.0-85201115057#147,2-s2.0-85201115057,texts/2-s2.0-85201115057.txt,2019,% of respondents in latent class 1 who report having ever shared a political news story online that they later found out was made up (unintentional sharing),29.17,"29.17% (class 1, N = 96)","96 Polish active Facebook news users in latent class 1 (""The oldest users with low SM literacy""); total sample 1,000 recruited from the largest Polish research panel",RECALL,                         1               16.67%                  29.17%,CORRECT,29.17,"1               16.67%                  29.17%","Checked against the cited passage; value, denominator and construct match."
2-s2.0-85116003554#84,2-s2.0-85116003554,texts/2-s2.0-85116003554.txt,2018,% of respondents who say at least 'some' of the news stories they encountered in online news media in the past 6 months were completely made up,37.2,more than one-third (37.2%) of the respondents said that at least “some” of the news stories they encountered in the past 6 months were completely made up,"1,111 Chinese adults in a national online panel survey (Impression Boguan Network Technology / Sina Data Solution panel; cooperation rate 40.5%)",RECALL,"When asked about how many of the news stories in online news media they thought were fake, more than one-third (37.2%) of the respondents said that at least “some” of the news stories they encountered in the past 6 months were completely made up and another 10% said “most” of them were fake.",CORRECT,37.2,"more than one-third (37.2%) of the respondents said that at least “some” of the news stories they encountered in the past 6 months were completely made up","Checked against the cited passage; value, denominator and construct match."
2-s2.0-105035324985#27,2-s2.0-105035324985,texts/2-s2.0-105035324985.txt,2021,% of older-adult respondents who reported encountering perceived misinformation daily,27.62,"(58, 27.62%) encountering it daily",210 Canadian adults aged 60 and over recruited via a stratified Qualtrics online panel,RECALL,"coronavirus misinformation Questions, Question 4), with (58, 27.62%) [...] encountering it daily and (51, 24.29%) weekly. [The PDF text interleaves two columns; the full sentence reads: ""Further, the frequency of encountering perceived misinformation varied as included in Appendix A (Supplementary data) survey instrument (Exposure to the coronavirus misinformation Questions, Question 4), with (58, 27.62%) encountering it daily and (51, 24.29%) weekly.""]",CORRECT,27.62,"with (58, 27.62%) encountering it daily and (51, 24.29%) weekly.","Checked against the cited passage; value, denominator and construct match."
